hogar_id,Y,D,Z
1,342.55,0,1
2,544.14,0,1
3,614.5,0,1
4,759.21,1,1
5,456.75,0,0
6,361.04,0,0
7,357.08,0,0
8,335.13,0,0
9,422.74,0,1
10,505.78,1,1
11,593.55,0,0
12,658.44,0,0
13,367.96,0,0
14,478.67,0,1
15,511.69,0,0
16,520.62,0,0
17,410.82,0,1
18,643.24,0,0
19,473.8,0,0
20,500.04,0,1
21,498.18,0,0
22,630.46,0,1
23,570.58,1,1
24,358.49,0,0
25,443.25,0,0
26,754.41,1,1
27,636.41,0,0
28,587.0,1,1
29,518.83,0,0
30,442.3,0,0
31,494.69,0,0
32,450.22,0,0
33,542.01,1,1
34,594.33,1,1
35,596.49,0,0
36,549.05,0,0
37,354.66,0,1
38,474.75,0,0
39,414.87,0,0
40,632.89,1,1
41,618.68,1,1
42,673.4,0,0
43,487.4,0,1
44,389.5,0,0
45,629.64,0,0
46,543.53,0,1
47,511.12,0,1
48,440.99,0,0
49,685.95,1,1
50,632.41,0,0
51,669.33,1,1
52,579.15,1,1
53,667.17,0,0
54,603.01,1,1
55,315.73,0,0
56,618.15,0,0
57,717.59,1,1
58,342.06,0,1
59,446.56,0,1
60,635.81,0,0
61,756.23,1,1
62,639.2,0,1
63,607.4,0,0
64,629.82,0,0
65,454.45,0,0
66,561.57,0,0
67,397.76,0,1
68,402.73,0,0
69,314.84,0,0
70,352.17,0,1
71,479.51,0,0
72,577.38,0,0
73,619.25,1,1
74,413.45,0,0
75,603.34,0,1
76,558.2,0,0
77,435.05,0,1
78,562.55,0,0
79,483.31,0,0
80,551.87,0,0
81,600.7,0,0
82,463.32,0,1
83,226.82,0,0
84,470.12,0,1
85,360.27,0,0
86,601.82,0,1
87,478.16,0,0
88,269.67,0,0
89,478.87,0,0
90,654.11,0,0
91,597.01,1,1
92,532.92,0,0
93,582.08,1,1
94,599.12,1,1
95,700.53,0,0
96,625.66,0,0
97,649.52,0,0
98,457.04,0,0
99,440.23,0,1
100,523.79,0,0
101,536.26,0,0
102,427.1,0,1
103,672.82,0,0
104,595.59,0,0
105,464.46,0,0
106,577.48,0,0
107,500.92,0,1
108,356.66,0,1
109,656.04,1,1
110,309.55,0,0
111,564.89,0,1
112,513.81,1,1
113,519.56,0,0
114,604.57,0,0
115,538.74,0,1
116,597.81,1,1
117,562.49,0,1
118,314.2,0,1
119,675.0,1,1
120,620.86,0,0
121,608.3,0,1
122,573.19,0,0
123,559.34,0,0
124,420.53,0,0
125,578.69,0,0
126,630.65,1,1
127,733.42,1,1
128,531.26,1,1
129,373.77,0,1
130,405.08,0,0
131,679.31,1,1
132,447.27,0,0
133,649.78,0,0
134,646.76,1,1
135,523.33,0,0
136,480.2,0,1
137,557.28,1,1
138,668.34,1,1
139,448.91,0,1
140,573.45,0,1
141,439.92,0,1
142,548.78,0,1
143,584.76,1,1
144,469.55,0,0
145,388.35,0,1
146,379.24,0,1
147,669.28,0,1
148,494.88,0,1
149,512.38,1,1
150,726.8,1,1
151,654.16,0,1
152,532.14,0,1
153,454.66,1,1
154,258.75,0,1
155,377.88,0,1
156,257.45,0,0
157,492.65,0,0
158,337.4,0,1
159,484.86,0,1
160,693.82,1,1
161,454.71,0,1
162,499.75,0,1
163,780.32,1,1
164,513.69,0,1
165,581.49,0,0
166,524.18,0,1
167,538.84,0,0
168,534.81,0,0
169,415.24,0,1
170,576.53,0,0
171,639.84,0,1
172,348.31,0,0
173,361.78,0,0
174,493.32,0,1
175,573.07,0,1
176,778.89,1,1
177,521.05,0,1
178,642.39,1,1
179,323.02,0,0
180,382.66,0,1
181,511.9,0,1
182,432.58,0,1
183,379.51,0,1
184,791.35,1,1
185,371.73,0,1
186,535.97,0,0
187,695.43,1,1
188,539.53,0,0
189,356.18,0,1
190,471.27,0,1
191,555.47,1,1
192,418.59,0,0
193,622.94,1,1
194,575.82,1,1
195,732.62,1,1
196,407.99,0,1
197,632.48,0,1
198,340.04,0,1
199,544.43,0,0
200,584.23,0,0
201,430.95,0,0
202,569.81,1,1
203,376.01,0,1
204,658.48,1,1
205,737.58,1,1
206,743.44,1,1
207,224.0,0,1
208,369.37,0,1
209,521.08,0,0
210,391.32,0,1
211,680.91,0,0
212,654.18,0,1
213,765.0,1,1
214,420.85,0,1
215,272.57,0,0
216,474.24,0,0
217,761.49,1,1
218,455.08,0,0
219,566.67,0,1
220,631.94,1,1
221,593.64,0,1
222,503.32,1,1
223,517.46,0,0
224,474.7,0,0
225,837.62,1,1
226,479.63,0,0
227,457.3,0,1
228,539.26,1,1
229,524.07,1,1
230,728.08,1,1
231,650.85,1,1
232,577.76,0,0
233,779.53,1,1
234,641.67,0,0
235,317.42,0,1
236,530.54,0,0
237,513.46,0,1
238,458.06,0,1
239,570.04,0,1
240,664.32,1,1
241,484.49,0,1
242,403.36,0,0
243,503.26,0,0
244,729.02,1,1
245,543.71,0,1
246,540.85,0,0
247,411.1,0,1
248,531.78,0,0
249,548.79,0,0
250,578.92,1,1
251,437.44,0,0
252,358.98,0,0
253,449.14,0,1
254,559.04,0,1
255,745.09,1,1
256,669.86,0,0
257,557.23,0,1
258,608.99,1,1
259,417.03,0,0
260,583.47,0,0
261,492.4,0,0
262,776.61,1,1
263,428.98,0,0
264,616.58,0,0
265,540.18,0,1
266,402.94,0,0
267,531.18,0,0
268,356.24,0,1
269,476.38,0,0
270,385.21,0,1
271,582.57,0,0
272,485.8,0,0
273,572.57,1,1
274,677.79,1,1
275,402.36,0,0
276,462.37,0,0
277,541.29,0,0
278,255.0,0,0
279,350.29,0,1
280,573.66,0,0
281,455.97,0,1
282,604.99,1,1
283,413.02,0,0
284,485.83,0,1
285,579.29,0,0
286,460.89,0,0
287,869.83,1,1
288,530.46,0,1
289,608.08,1,1
290,465.24,0,0
291,611.61,0,0
292,577.42,0,0
293,386.95,0,0
294,403.48,0,0
295,827.25,1,1
296,310.45,0,1
297,427.94,0,0
298,713.94,1,1
299,282.01,0,0
300,356.05,0,1
301,688.66,1,1
302,221.76,0,1
303,482.83,0,1
304,432.37,0,0
305,505.66,0,1
306,571.66,1,1
307,492.59,0,0
308,582.71,0,1
309,499.8,0,0
310,777.68,1,1
311,672.57,1,1
312,638.38,1,1
313,372.4,0,0
314,514.55,0,0
315,519.81,0,0
316,407.68,0,0
317,472.09,0,0
318,466.02,0,1
319,495.48,0,0
320,402.9,0,1
321,377.05,0,1
322,341.57,0,1
323,450.63,0,1
324,620.74,1,1
325,590.18,0,0
326,565.08,0,0
327,324.81,0,0
328,592.7,1,1
329,296.13,0,1
330,575.01,0,0
331,595.79,0,0
332,676.7,1,1
333,639.55,0,0
334,545.58,0,0
335,291.61,0,0
336,694.63,1,1
337,527.34,0,1
338,447.25,0,0
339,524.71,0,0
340,593.59,0,0
341,538.45,0,0
342,762.63,1,1
343,546.47,0,0
344,471.27,0,1
345,736.12,1,1
346,363.4,0,0
347,326.22,0,1
348,415.6,0,0
349,428.01,0,0
350,700.77,0,1
351,399.07,0,0
352,538.12,0,0
353,652.69,0,1
354,409.72,0,1
355,432.52,0,0
356,593.33,1,1
357,425.87,0,0
358,568.87,0,1
359,611.36,0,1
360,640.32,0,0
361,524.33,0,1
362,489.23,0,1
363,589.3,0,1
364,770.87,1,1
365,427.86,0,0
366,435.2,0,0
367,488.08,0,1
368,647.31,0,0
369,527.27,0,1
370,644.09,1,1
371,433.67,0,1
372,411.37,0,0
373,408.18,0,1
374,595.72,0,0
375,329.33,0,1
376,441.47,1,1
377,431.32,0,0
378,527.39,0,1
379,493.08,0,0
380,417.97,0,0
381,319.18,0,0
382,435.28,0,1
383,310.24,0,0
384,443.89,0,0
385,674.4,0,0
386,447.43,0,0
387,482.01,1,1
388,508.24,1,1
389,529.95,0,0
390,318.69,0,0
391,426.37,0,0
392,646.73,1,1
393,533.44,0,1
394,591.29,0,0
395,645.74,0,0
396,529.22,1,1
397,367.52,0,1
398,458.84,0,1
399,506.91,0,1
400,394.98,0,1
401,547.15,0,0
402,398.47,0,1
403,424.82,0,0
404,618.65,1,1
405,404.84,0,0
406,555.15,1,1
407,475.46,0,0
408,566.77,0,0
409,486.99,0,1
410,461.74,0,1
411,764.38,1,1
412,389.53,0,1
413,646.72,1,1
414,361.57,0,1
415,455.99,0,1
416,678.79,0,0
417,283.63,0,1
418,540.96,0,0
419,517.79,1,1
420,496.48,0,0
421,604.58,1,1
422,601.34,1,1
423,723.97,0,0
424,455.68,0,0
425,390.31,0,0
426,619.39,1,1
427,415.65,0,1
428,933.27,1,1
429,408.71,0,0
430,582.11,0,0
431,596.56,1,1
432,784.89,1,1
433,481.97,0,0
434,649.36,0,0
435,343.27,0,1
436,452.36,0,0
437,389.05,0,0
438,438.77,0,0
439,482.74,1,1
440,628.08,0,0
441,510.54,0,0
442,756.59,1,1
443,415.79,0,1
444,826.09,1,1
445,331.62,0,1
446,680.97,1,1
447,446.21,0,0
448,645.51,0,0
449,533.96,0,0
450,484.89,0,0
451,611.42,0,1
452,436.67,0,1
453,665.4,1,1
454,397.71,0,0
455,287.2,0,1
456,690.21,1,1
457,830.83,0,0
458,500.91,0,0
459,337.62,0,0
460,701.3,1,1
461,579.94,0,1
462,538.53,0,1
463,572.38,0,0
464,430.49,1,1
465,395.14,0,1
466,620.62,1,1
467,653.32,0,1
468,437.08,0,1
469,401.95,0,1
470,419.11,0,1
471,407.94,0,1
472,593.92,0,0
473,272.78,0,0
474,514.61,0,0
475,745.09,0,0
476,396.93,0,0
477,558.39,0,1
478,302.32,0,1
479,497.11,0,0
480,513.53,0,0
481,391.92,0,0
482,460.74,0,0
483,648.99,0,0
484,477.07,0,0
485,882.93,0,0
486,621.66,1,1
487,498.43,0,0
488,452.98,0,0
489,350.63,0,1
490,478.96,0,0
491,734.71,1,1
492,600.12,1,1
493,598.16,0,0
494,458.43,0,0
495,431.67,0,0
496,563.29,0,1
497,542.38,0,1
498,421.38,0,0
499,584.43,0,0
500,550.03,0,0
501,384.23,0,1
502,314.26,0,0
503,537.34,0,1
504,657.1,1,1
505,509.59,0,0
506,437.69,0,1
507,280.32,0,0
508,410.01,0,1
509,493.51,0,0
510,655.81,1,1
511,385.07,0,1
512,434.71,0,1
513,459.31,0,0
514,601.81,0,0
515,790.52,1,1
516,701.95,0,0
517,566.9,0,0
518,318.87,0,1
519,587.08,0,0
520,465.79,0,1
521,780.51,1,1
522,434.43,0,0
523,492.86,0,1
524,473.27,0,1
525,397.63,0,0
526,443.9,0,1
527,391.43,0,0
528,503.43,0,1
529,422.97,0,1
530,550.78,0,1
531,486.49,0,1
532,499.49,0,0
533,578.67,0,0
534,297.79,0,1
535,678.33,1,1
536,494.65,0,0
537,448.45,0,1
538,395.05,0,1
539,677.69,0,0
540,744.57,1,1
541,282.94,0,1
542,331.46,0,1
543,454.64,1,1
544,591.48,1,1
545,675.37,0,0
546,365.32,0,1
547,398.04,0,0
548,454.94,0,0
549,612.27,0,1
550,397.73,0,0
551,565.31,0,1
552,429.0,0,0
553,520.14,0,1
554,528.48,0,0
555,596.06,0,1
556,301.14,0,1
557,354.44,0,0
558,492.26,0,0
559,417.85,0,0
560,654.91,0,0
561,643.27,1,1
562,377.87,0,1
563,351.79,0,0
564,374.9,0,0
565,636.06,0,0
566,802.65,0,0
567,287.59,0,1
568,543.33,0,0
569,547.09,1,1
570,484.6,0,0
571,414.38,0,1
572,594.61,1,1
573,666.36,1,1
574,557.44,0,1
575,468.27,0,0
576,517.56,0,1
577,415.69,0,1
578,526.49,1,1
579,275.47,0,0
580,437.08,0,1
581,394.79,0,0
582,511.8,0,0
583,394.92,0,1
584,541.86,0,0
585,613.33,0,0
586,447.76,0,0
587,402.23,0,1
588,887.56,1,1
589,378.06,0,1
590,604.84,0,1
591,475.74,0,0
592,447.86,0,0
593,586.14,0,0
594,598.94,0,0
595,381.92,0,1
596,337.64,0,0
597,624.17,1,1
598,501.05,0,0
599,360.19,0,1
600,430.27,0,0
601,458.58,0,1
602,415.22,0,0
603,656.88,1,1
604,637.03,0,0
605,851.7,1,1
606,668.04,0,0
607,423.5,0,0
608,777.25,1,1
609,507.87,0,0
610,462.59,1,1
611,595.74,0,0
612,519.28,1,1
613,626.22,0,0
614,533.54,0,0
615,647.08,0,0
616,621.78,1,1
617,521.28,0,1
618,669.17,1,1
619,308.41,0,1
620,466.4,0,0
621,459.77,1,1
622,429.72,0,0
623,303.07,0,0
624,575.56,0,1
625,350.74,0,0
626,655.12,1,1
627,486.71,1,1
628,409.32,0,1
629,641.54,0,0
630,396.89,0,1
631,396.76,0,1
632,443.23,0,1
633,524.16,0,1
634,451.17,0,0
635,475.13,0,1
636,522.43,0,1
637,463.81,0,0
638,273.16,0,0
639,385.18,0,0
640,587.38,0,1
641,483.7,0,0
642,513.35,0,0
643,583.05,0,0
644,709.88,0,0
645,594.81,1,1
646,610.98,0,0
647,635.11,1,1
648,480.62,0,1
649,574.02,0,0
650,525.89,0,0
651,619.51,1,1
652,625.06,0,1
653,620.24,0,1
654,656.3,0,0
655,444.76,0,0
656,577.61,0,0
657,339.78,0,1
658,425.59,0,0
659,358.23,0,0
660,286.59,0,1
661,698.5,0,0
662,330.35,0,1
663,528.53,1,1
664,664.36,1,1
665,698.97,1,1
666,382.93,0,0
667,497.24,0,0
668,390.24,0,0
669,486.01,0,1
670,641.45,0,0
671,577.16,1,1
672,280.57,0,1
673,526.78,0,0
674,637.72,1,1
675,339.41,0,1
676,328.49,0,0
677,566.38,0,1
678,394.65,0,0
679,362.87,0,1
680,546.65,0,0
681,627.3,1,1
682,622.15,0,0
683,507.06,0,1
684,399.04,0,0
685,769.29,1,1
686,374.11,0,0
687,732.04,0,0
688,532.44,0,0
689,533.19,0,0
690,573.64,0,0
691,289.21,0,1
692,698.78,1,1
693,351.84,0,0
694,592.59,0,1
695,473.24,0,0
696,445.86,0,0
697,486.08,0,0
698,561.45,0,1
699,470.45,0,0
700,469.74,0,1
701,478.15,0,0
702,761.86,1,1
703,296.69,0,1
704,377.66,0,1
705,543.98,0,1
706,508.78,0,0
707,417.69,0,1
708,613.03,1,1
709,880.52,1,1
710,419.47,0,0
711,456.44,0,1
712,670.5,1,1
713,441.04,0,1
714,512.89,0,0
715,337.26,0,1
716,694.58,0,0
717,564.9,0,0
718,443.51,0,0
719,416.53,0,0
720,280.23,0,0
721,523.07,1,1
722,593.18,1,1
723,467.06,0,1
724,280.68,0,0
725,446.06,0,0
726,758.54,0,0
727,384.58,0,1
728,582.49,0,0
729,567.71,0,1
730,559.22,1,1
731,533.18,0,0
732,497.1,0,0
733,721.99,0,0
734,512.46,0,0
735,462.79,0,0
736,637.03,0,0
737,628.1,0,1
738,530.83,0,0
739,594.37,1,1
740,510.63,0,0
741,362.02,0,0
742,404.65,0,0
743,415.5,0,1
744,858.1,1,1
745,568.16,0,0
746,509.22,0,1
747,539.93,0,1
748,452.43,0,1
749,302.9,0,1
750,483.43,0,1
751,613.09,0,0
752,598.59,0,0
753,431.82,0,1
754,473.68,0,1
755,457.17,0,1
756,593.32,0,0
757,523.33,0,0
758,437.36,0,0
759,617.95,1,1
760,469.55,0,0
761,505.04,0,0
762,446.78,0,0
763,412.59,0,1
764,432.12,0,0
765,346.9,0,0
766,647.26,0,0
767,427.35,0,0
768,594.55,0,1
769,457.49,0,1
770,373.48,0,1
771,572.85,0,0
772,511.82,0,1
773,382.1,0,0
774,382.83,0,0
775,491.86,0,0
776,703.32,1,1
777,543.2,1,1
778,404.98,0,1
779,675.04,1,1
780,511.92,0,0
781,401.23,0,0
782,544.39,0,0
783,360.8,0,1
784,434.77,0,0
785,444.25,0,0
786,351.57,0,0
787,444.43,0,1
788,512.23,0,0
789,188.88,0,0
790,536.65,0,1
791,575.88,0,0
792,547.1,0,0
793,583.32,1,1
794,602.16,0,1
795,419.55,0,1
796,632.01,0,1
797,463.43,0,0
798,590.44,0,1
799,587.24,0,0
800,369.06,0,1
801,397.22,0,1
802,637.02,0,0
803,460.24,0,0
804,637.31,0,0
805,584.67,0,0
806,478.01,0,1
807,562.57,1,1
808,459.21,0,0
809,677.82,1,1
810,433.34,0,0
811,359.28,0,1
812,404.16,0,0
813,455.69,0,1
814,361.32,0,1
815,451.32,0,0
816,485.89,0,1
817,554.79,0,0
818,439.46,0,1
819,476.55,0,0
820,261.35,0,1
821,358.15,0,0
822,403.82,0,1
823,576.89,0,0
824,360.57,0,0
825,493.66,0,1
826,614.99,1,1
827,529.04,0,0
828,705.75,1,1
829,692.65,0,0
830,704.56,0,1
831,592.39,0,0
832,503.98,0,0
833,607.03,0,1
834,798.81,1,1
835,514.49,1,1
836,679.77,1,1
837,467.72,0,0
838,355.25,0,1
839,355.26,0,1
840,425.65,0,1
841,361.26,0,0
842,666.82,1,1
843,566.2,0,0
844,606.76,1,1
845,492.12,0,1
846,555.63,0,0
847,482.72,0,0
848,363.32,0,1
849,677.51,0,0
850,530.17,0,0
851,590.91,0,0
852,732.59,1,1
853,754.18,1,1
854,435.55,0,0
855,532.05,1,1
856,307.0,0,1
857,467.35,1,1
858,643.13,0,0
859,394.51,0,0
860,589.0,1,1
861,908.02,1,1
862,471.33,0,0
863,520.93,0,0
864,423.16,0,1
865,613.14,1,1
866,579.2,0,0
867,350.92,0,0
868,581.26,0,0
869,374.71,0,0
870,631.66,1,1
871,483.96,0,1
872,591.05,0,1
873,532.25,0,0
874,583.22,0,0
875,325.69,0,1
876,484.28,0,0
877,515.96,0,0
878,488.83,0,1
879,379.06,0,1
880,442.19,0,0
881,651.68,1,1
882,683.35,1,1
883,717.64,1,1
884,544.38,0,0
885,384.18,0,1
886,521.03,0,0
887,650.43,0,0
888,396.04,0,0
889,521.27,0,0
890,337.69,0,1
891,669.06,1,1
892,531.9,0,0
893,608.18,0,0
894,356.15,0,0
895,485.68,0,1
896,674.98,1,1
897,639.31,0,0
898,499.56,0,1
899,588.07,0,0
900,543.65,1,1
901,690.74,0,0
902,402.43,0,0
903,420.78,0,0
904,360.38,0,1
905,611.34,0,1
906,394.96,0,0
907,765.98,1,1
908,422.77,0,0
909,362.74,0,0
910,296.8,0,1
911,764.36,1,1
912,765.5,1,1
913,778.13,1,1
914,504.14,0,0
915,546.1,0,0
916,768.12,1,1
917,492.28,0,0
918,524.99,0,0
919,429.41,0,0
920,454.82,0,0
921,749.24,0,0
922,420.06,0,1
923,637.05,1,1
924,441.23,0,0
925,517.06,0,0
926,564.72,0,0
927,559.85,0,1
928,449.18,0,0
929,713.54,0,0
930,473.41,0,0
931,463.22,0,0
932,521.08,1,1
933,518.21,0,1
934,563.54,0,0
935,687.79,0,0
936,333.96,0,1
937,319.17,0,1
938,623.42,0,1
939,363.98,0,0
940,512.18,0,0
941,603.66,0,0
942,470.6,0,1
943,638.65,1,1
944,541.57,1,1
945,582.55,0,1
946,477.5,0,1
947,433.66,0,0
948,664.76,1,1
949,527.02,0,0
950,488.73,0,1
951,507.98,1,1
952,283.77,0,1
953,700.09,1,1
954,386.23,0,1
955,401.05,0,1
956,545.61,0,0
957,654.82,0,1
958,355.12,0,0
959,518.44,0,0
960,418.24,0,1
961,542.32,0,0
962,373.02,0,0
963,350.1,0,0
964,591.58,0,0
965,494.41,0,0
966,243.19,0,1
967,628.81,1,1
968,758.32,1,1
969,599.65,0,0
970,518.01,1,1
971,631.94,0,1
972,259.19,0,1
973,631.9,0,0
974,530.37,0,1
975,576.24,0,0
976,401.17,0,1
977,437.53,0,0
978,674.28,1,1
979,622.82,0,1
980,545.54,0,0
981,548.14,0,1
982,474.01,0,0
983,528.43,0,0
984,504.85,1,1
985,539.8,1,1
986,403.06,0,1
987,415.23,0,0
988,669.25,0,0
989,480.07,0,0
990,457.59,0,0
991,522.87,0,0
992,463.22,0,1
993,857.41,1,1
994,506.27,1,1
995,577.66,0,1
996,566.33,0,0
997,689.53,1,1
998,354.16,0,1
999,485.28,1,1
1000,709.25,1,1
1001,440.34,0,1
1002,320.15,0,1
1003,492.92,0,1
1004,485.85,0,1
1005,719.51,1,1
1006,575.04,1,1
1007,727.38,1,1
1008,715.39,1,1
1009,461.12,0,1
1010,300.95,0,1
1011,518.47,0,0
1012,672.19,0,0
1013,720.55,0,0
1014,551.03,0,0
1015,633.97,1,1
1016,639.32,0,0
1017,728.79,0,0
1018,560.49,1,1
1019,540.19,0,1
1020,493.49,0,1
1021,766.06,1,1
1022,551.44,0,1
1023,681.55,0,0
1024,633.62,0,0
1025,583.34,1,1
1026,473.25,0,0
1027,384.01,0,0
1028,524.72,0,0
1029,404.17,0,0
1030,499.88,0,0
1031,342.45,0,0
1032,504.27,0,0
1033,618.11,0,0
1034,371.76,0,0
1035,581.23,0,0
1036,195.49,0,0
1037,636.18,0,0
1038,692.33,1,1
1039,466.1,0,0
1040,595.44,0,0
1041,476.96,0,0
1042,647.98,0,1
1043,190.79,0,0
1044,561.79,0,0
1045,509.68,0,0
1046,866.48,1,1
1047,733.9,0,1
1048,341.11,0,0
1049,363.74,0,0
1050,450.51,1,1
1051,777.8,1,1
1052,330.2,0,0
1053,616.05,0,1
1054,392.6,0,1
1055,561.74,0,0
1056,294.4,0,0
1057,269.29,0,0
1058,473.61,0,0
1059,362.86,0,0
1060,542.31,0,1
1061,681.69,1,1
1062,486.48,0,0
1063,495.09,0,0
1064,493.86,0,0
1065,608.71,0,1
1066,643.47,1,1
1067,418.78,0,0
1068,461.42,0,0
1069,387.81,0,1
1070,329.29,0,0
1071,544.95,0,0
1072,520.47,0,0
1073,662.31,1,1
1074,338.6,0,1
1075,337.3,0,0
1076,316.22,0,0
1077,794.03,1,1
1078,431.45,0,0
1079,303.91,0,0
1080,644.02,0,0
1081,530.76,0,0
1082,611.12,0,1
1083,675.4,1,1
1084,515.43,0,0
1085,386.46,0,1
1086,376.41,0,0
1087,577.82,1,1
1088,627.68,0,0
1089,555.7,0,1
1090,588.52,1,1
1091,640.95,0,0
1092,570.11,1,1
1093,371.29,0,0
1094,519.75,0,1
1095,589.61,0,0
1096,784.51,1,1
1097,575.29,0,0
1098,388.32,0,0
1099,650.77,1,1
1100,425.21,0,0
1101,564.75,0,0
1102,551.42,0,0
1103,592.3,1,1
1104,558.04,0,0
1105,340.08,0,0
1106,693.78,1,1
1107,665.46,1,1
1108,661.06,0,0
1109,503.63,0,1
1110,412.18,0,1
1111,560.32,0,1
1112,636.81,1,1
1113,428.32,0,1
1114,480.78,0,1
1115,372.36,0,0
1116,212.03,0,1
1117,736.25,1,1
1118,452.92,0,1
1119,552.76,0,1
1120,612.86,0,0
1121,441.21,0,1
1122,447.38,0,0
1123,829.94,1,1
1124,463.27,0,0
1125,495.1,0,0
1126,594.15,0,1
1127,627.1,0,0
1128,572.05,0,0
1129,432.29,0,0
1130,515.55,1,1
1131,472.86,0,1
1132,302.59,0,0
1133,333.42,0,0
1134,427.7,0,0
1135,541.4,0,0
1136,385.63,0,0
1137,459.1,0,0
1138,687.34,1,1
1139,363.15,0,0
1140,535.72,0,0
1141,622.1,1,1
1142,384.86,0,1
1143,622.94,0,0
1144,496.59,0,0
1145,381.35,0,0
1146,400.03,0,1
1147,376.26,0,1
1148,451.86,0,1
1149,430.02,0,1
1150,774.17,1,1
1151,282.64,0,1
1152,277.84,0,0
1153,412.41,0,0
1154,459.62,0,0
1155,550.9,0,1
1156,354.13,0,0
1157,514.79,0,0
1158,773.5,1,1
1159,299.5,0,1
1160,648.77,1,1
1161,421.92,0,0
1162,360.3,0,1
1163,589.19,0,0
1164,734.74,1,1
1165,591.36,1,1
1166,521.96,1,1
1167,646.46,1,1
1168,745.14,1,1
1169,563.65,0,0
1170,413.43,0,1
1171,346.42,0,0
1172,628.66,1,1
1173,662.19,0,0
1174,456.3,0,1
1175,508.61,0,0
1176,441.0,0,0
1177,345.76,0,1
1178,158.19,0,0
1179,364.68,0,1
1180,652.13,1,1
1181,457.03,0,1
1182,577.64,0,1
1183,422.52,0,0
1184,304.77,0,0
1185,613.34,0,0
1186,197.74,0,0
1187,432.65,0,0
1188,478.02,0,0
1189,373.67,0,1
1190,616.39,0,0
1191,634.99,1,1
1192,237.46,0,0
1193,510.75,0,1
1194,611.2,0,0
1195,534.14,0,0
1196,478.52,0,1
1197,319.39,0,1
1198,547.92,0,0
1199,481.54,0,1
1200,280.03,0,1
1201,807.24,0,0
1202,380.32,0,0
1203,663.09,1,1
1204,546.46,0,1
1205,538.03,1,1
1206,424.93,0,1
1207,472.96,0,1
1208,411.87,0,0
1209,650.54,1,1
1210,455.1,0,0
1211,316.79,0,1
1212,513.37,0,0
1213,563.94,0,1
1214,531.51,0,0
1215,315.29,0,1
1216,784.67,1,1
1217,754.63,1,1
1218,446.08,0,1
1219,542.33,1,1
1220,315.84,0,0
1221,555.31,0,1
1222,222.68,0,0
1223,584.88,0,0
1224,516.59,0,0
1225,591.74,1,1
1226,347.94,0,0
1227,671.0,0,1
1228,507.23,0,0
1229,557.07,0,0
1230,447.84,0,0
1231,458.52,0,0
1232,663.18,0,0
1233,271.61,0,1
1234,437.58,0,0
1235,554.74,0,0
1236,444.61,0,1
1237,443.13,0,0
1238,584.94,0,0
1239,666.68,0,0
1240,533.15,0,0
1241,477.23,0,1
1242,383.43,0,1
1243,585.73,0,1
1244,546.34,0,0
1245,487.96,0,0
1246,532.53,0,0
1247,424.58,0,0
1248,534.67,0,1
1249,785.33,1,1
1250,759.8,0,0
1251,450.39,0,1
1252,423.73,0,0
1253,517.84,0,0
1254,529.92,0,0
1255,418.28,0,0
1256,615.05,0,0
1257,806.47,1,1
1258,606.67,1,1
1259,595.0,0,0
1260,619.4,1,1
1261,380.5,0,1
1262,456.64,0,0
1263,494.89,0,0
1264,439.76,0,1
1265,553.84,0,1
1266,462.33,0,1
1267,426.38,0,0
1268,458.38,0,1
1269,319.24,0,1
1270,576.79,1,1
1271,521.82,0,0
1272,629.64,0,0
1273,398.56,0,0
1274,479.55,0,0
1275,432.24,0,0
1276,563.61,0,1
1277,421.18,0,0
1278,748.53,1,1
1279,594.98,0,0
1280,692.37,1,1
1281,461.56,0,0
1282,613.96,1,1
1283,437.0,0,0
1284,434.15,0,1
1285,697.24,1,1
1286,724.2,1,1
1287,380.58,0,1
1288,357.06,0,0
1289,477.8,1,1
1290,524.49,0,0
1291,526.65,0,0
1292,538.01,0,1
1293,659.76,0,0
1294,295.83,0,0
1295,522.09,0,1
1296,287.27,0,1
1297,697.66,1,1
1298,319.58,0,1
1299,524.79,1,1
1300,462.78,0,1
1301,580.45,1,1
1302,488.99,0,1
1303,313.34,0,1
1304,281.33,0,0
1305,565.17,0,0
1306,357.59,0,0
1307,618.35,1,1
1308,533.11,0,1
1309,456.94,0,1
1310,505.03,0,0
1311,471.42,0,1
1312,598.98,0,0
1313,557.79,0,0
1314,544.11,1,1
1315,440.51,0,0
1316,397.19,0,1
1317,458.71,0,1
1318,505.51,0,0
1319,566.79,0,1
1320,748.92,1,1
1321,459.91,0,0
1322,346.65,0,0
1323,550.14,0,1
1324,690.9,1,1
1325,417.76,0,0
1326,506.34,0,1
1327,347.33,0,1
1328,461.94,0,1
1329,578.81,0,0
1330,343.67,0,1
1331,500.88,0,1
1332,586.62,0,0
1333,553.82,1,1
1334,416.36,0,0
1335,466.51,0,0
1336,381.9,0,1
1337,705.37,0,0
1338,535.5,0,0
1339,459.18,0,1
1340,451.3,0,0
1341,541.28,0,0
1342,731.63,1,1
1343,409.66,0,1
1344,535.44,0,1
1345,489.59,0,0
1346,364.8,0,1
1347,705.82,0,0
1348,634.71,0,0
1349,645.95,1,1
1350,615.23,1,1
1351,616.37,0,0
1352,326.72,0,1
1353,411.93,0,0
1354,573.1,0,0
1355,336.59,0,0
1356,570.64,0,0
1357,684.53,1,1
1358,392.2,0,1
1359,423.65,0,0
1360,499.97,0,0
1361,322.16,0,1
1362,456.41,0,1
1363,531.9,0,0
1364,565.53,0,0
1365,321.1,0,1
1366,636.2,0,0
1367,378.55,0,1
1368,578.12,1,1
1369,556.79,1,1
1370,563.61,0,0
1371,612.48,1,1
1372,667.1,0,0
1373,329.86,0,1
1374,643.95,1,1
1375,700.01,1,1
1376,637.92,0,1
1377,436.68,0,0
1378,404.41,0,1
1379,377.31,0,1
1380,784.64,1,1
1381,588.38,0,0
1382,566.67,0,0
1383,627.21,0,1
1384,746.37,1,1
1385,417.44,0,1
1386,351.08,0,1
1387,527.67,0,1
1388,490.37,0,1
1389,495.4,0,0
1390,518.14,0,0
1391,350.07,0,0
1392,592.92,0,0
1393,660.44,0,1
1394,670.34,1,1
1395,352.22,0,0
1396,491.35,0,0
1397,556.45,0,0
1398,626.03,0,0
1399,453.63,0,0
1400,358.21,0,0
1401,510.69,0,1
1402,448.02,0,0
1403,414.67,0,0
1404,258.8,0,0
1405,325.84,0,0
1406,554.57,0,0
1407,700.83,1,1
1408,569.33,0,0
1409,522.89,0,1
1410,465.91,0,0
1411,736.04,0,0
1412,528.98,0,0
1413,607.63,0,0
1414,502.31,0,1
1415,531.81,0,0
1416,686.43,1,1
1417,473.22,0,1
1418,598.37,0,0
1419,483.59,0,0
1420,350.08,0,1
1421,553.87,0,1
1422,419.9,0,0
1423,380.66,0,1
1424,445.5,0,1
1425,561.42,0,0
1426,578.73,0,0
1427,503.19,0,0
1428,438.37,0,0
1429,700.68,0,0
1430,301.14,0,1
1431,407.6,0,0
1432,615.43,1,1
1433,733.51,0,0
1434,474.29,0,0
1435,545.14,0,0
1436,413.18,0,0
1437,484.35,0,1
1438,535.3,0,0
1439,286.71,0,1
1440,672.51,0,0
1441,472.53,0,1
1442,465.67,0,0
1443,698.16,1,1
1444,467.69,0,0
1445,535.79,0,0
1446,460.91,0,0
1447,585.63,1,1
1448,335.02,0,1
1449,591.12,1,1
1450,539.06,0,1
1451,394.02,0,1
1452,679.3,1,1
1453,482.6,0,0
1454,445.92,0,1
1455,350.24,0,0
1456,343.58,0,0
1457,647.54,1,1
1458,755.85,0,0
1459,426.89,0,0
1460,699.12,1,1
1461,592.08,0,0
1462,418.04,0,1
1463,438.05,0,1
1464,410.46,0,1
1465,654.89,1,1
1466,442.5,0,0
1467,761.99,0,0
1468,512.35,0,1
1469,440.31,0,0
1470,594.5,0,0
1471,545.08,0,0
1472,738.18,0,0
1473,520.09,0,1
1474,555.08,0,1
1475,652.23,1,1
1476,748.05,0,0
1477,473.02,0,0
1478,340.78,0,0
1479,406.96,0,0
1480,498.52,0,0
1481,527.71,0,0
1482,778.78,0,0
1483,554.31,0,1
1484,601.89,1,1
1485,335.19,0,0
1486,516.81,0,1
1487,534.87,0,0
1488,259.31,0,1
1489,628.75,0,1
1490,473.24,0,0
1491,425.99,0,1
1492,638.1,1,1
1493,483.22,0,0
1494,498.05,0,0
1495,400.86,0,0
1496,457.73,0,0
1497,324.14,0,1
1498,554.62,0,0
1499,367.42,0,0
1500,466.65,0,0
1501,439.77,0,0
1502,362.18,0,0
1503,434.85,0,0
1504,447.29,0,0
1505,279.56,0,0
1506,597.98,0,0
1507,694.51,0,0
1508,756.8,1,1
1509,610.88,0,1
1510,706.05,0,1
1511,929.01,1,1
1512,587.72,0,0
1513,557.02,0,0
1514,283.62,0,0
1515,642.19,1,1
1516,480.92,0,1
1517,445.07,0,1
1518,355.6,0,1
1519,440.5,0,1
1520,582.56,1,1
1521,560.14,1,1
1522,740.32,1,1
1523,384.9,0,1
1524,366.96,0,0
1525,601.38,0,0
1526,428.03,0,0
1527,579.96,1,1
1528,415.1,0,1
1529,603.59,0,0
1530,431.2,0,1
1531,504.69,0,0
1532,488.47,0,0
1533,522.24,0,0
1534,527.59,0,1
1535,602.42,0,0
1536,518.92,0,0
1537,402.24,0,0
1538,454.21,1,1
1539,640.16,1,1
1540,487.41,0,0
1541,345.97,0,1
1542,478.38,0,0
1543,530.09,0,0
1544,757.31,1,1
1545,338.21,0,0
1546,514.99,0,1
1547,664.41,0,0
1548,481.9,0,0
1549,463.2,0,0
1550,539.44,0,1
1551,652.78,1,1
1552,538.11,0,0
1553,485.78,0,1
1554,541.63,0,0
1555,631.36,1,1
1556,445.25,0,0
1557,699.83,1,1
1558,561.4,0,0
1559,612.88,0,0
1560,175.21,0,0
1561,428.67,0,0
1562,480.31,0,0
1563,446.39,0,0
1564,438.17,0,0
1565,284.25,0,1
1566,569.76,0,1
1567,585.21,1,1
1568,512.02,0,0
1569,465.52,0,1
1570,611.86,0,1
1571,574.7,0,1
1572,544.77,0,0
1573,452.85,0,0
1574,327.39,0,0
1575,413.69,0,0
1576,337.14,0,0
1577,580.63,0,0
1578,591.28,0,1
1579,697.75,1,1
1580,571.71,0,1
1581,531.7,0,1
1582,380.63,0,1
1583,413.65,0,1
1584,499.68,0,0
1585,611.75,0,0
1586,475.93,0,0
1587,596.99,0,0
1588,687.03,1,1
1589,579.03,0,0
1590,409.96,0,1
1591,549.46,0,0
1592,706.93,1,1
1593,510.54,0,0
1594,562.18,0,0
1595,437.18,0,0
1596,646.45,1,1
1597,610.92,0,1
1598,659.07,1,1
1599,460.26,0,0
1600,305.62,0,1
1601,678.78,0,0
1602,395.67,0,1
1603,430.44,0,0
1604,410.74,0,0
1605,563.08,0,1
1606,511.66,0,1
1607,775.25,1,1
1608,722.89,1,1
1609,561.75,0,0
1610,688.03,1,1
1611,253.02,0,1
1612,422.04,0,0
1613,545.91,0,0
1614,487.44,0,0
1615,578.85,0,0
1616,704.29,1,1
1617,472.77,0,0
1618,626.29,0,0
1619,439.86,0,0
1620,720.79,1,1
1621,427.53,0,0
1622,454.95,0,1
1623,447.15,0,1
1624,450.35,0,0
1625,724.21,1,1
1626,400.71,0,1
1627,424.72,0,0
1628,527.59,0,0
1629,513.24,0,0
1630,607.68,0,0
1631,566.43,0,0
1632,444.97,0,1
1633,606.79,0,0
1634,286.96,0,1
1635,505.92,0,0
1636,376.64,0,0
1637,401.83,0,0
1638,560.39,0,0
1639,441.52,0,0
1640,524.14,0,1
1641,757.55,1,1
1642,578.87,0,0
1643,402.55,0,0
1644,630.53,1,1
1645,336.53,0,1
1646,486.09,0,1
1647,730.98,1,1
1648,539.95,0,0
1649,597.4,1,1
1650,415.19,0,1
1651,523.7,0,0
1652,631.98,1,1
1653,458.2,0,0
1654,765.64,1,1
1655,663.66,0,0
1656,655.66,1,1
1657,761.12,1,1
1658,348.22,0,1
1659,612.95,0,0
1660,413.69,0,0
1661,589.27,1,1
1662,627.88,1,1
1663,425.99,0,0
1664,756.07,1,1
1665,500.36,0,0
1666,424.29,0,1
1667,692.81,1,1
1668,421.15,0,0
1669,513.57,0,0
1670,638.93,0,0
1671,623.28,1,1
1672,344.0,0,1
1673,654.07,0,0
1674,602.36,0,0
1675,520.43,0,1
1676,734.84,1,1
1677,703.42,0,0
1678,533.09,0,0
1679,312.29,0,1
1680,550.43,0,0
1681,340.35,0,1
1682,516.25,0,1
1683,596.57,0,0
1684,652.38,1,1
1685,659.71,1,1
1686,573.5,1,1
1687,492.89,0,0
1688,694.59,1,1
1689,513.73,0,0
1690,299.67,0,0
1691,408.19,0,1
1692,452.73,0,1
1693,637.75,1,1
1694,405.85,0,1
1695,493.33,0,0
1696,330.0,0,1
1697,732.27,1,1
1698,564.94,0,0
1699,687.08,1,1
1700,718.96,0,0
1701,562.8,0,0
1702,398.63,0,1
1703,418.66,0,0
1704,584.67,0,0
1705,696.24,0,0
1706,693.96,0,0
1707,576.52,0,0
1708,745.96,1,1
1709,583.81,1,1
1710,700.32,1,1
1711,666.85,1,1
1712,442.71,0,1
1713,383.46,0,1
1714,466.26,0,1
1715,631.8,0,0
1716,607.52,1,1
1717,605.89,0,0
1718,542.05,1,1
1719,473.1,0,1
1720,469.8,0,0
1721,371.82,0,1
1722,500.8,0,1
1723,730.75,1,1
1724,436.5,0,1
1725,598.35,0,0
1726,355.62,0,0
1727,529.53,0,1
1728,528.85,1,1
1729,431.13,0,0
1730,331.69,0,1
1731,424.92,0,1
1732,364.34,0,1
1733,537.48,1,1
1734,650.37,0,0
1735,717.62,1,1
1736,471.72,0,0
1737,465.42,0,1
1738,494.69,0,0
1739,320.65,0,0
1740,395.72,0,0
1741,545.03,1,1
1742,384.74,0,0
1743,731.68,1,1
1744,366.01,0,1
1745,760.07,1,1
1746,577.73,1,1
1747,494.25,0,0
1748,414.14,0,0
1749,658.26,1,1
1750,692.28,0,1
1751,496.91,1,1
1752,347.46,0,1
1753,391.13,0,1
1754,545.51,0,1
1755,653.32,0,0
1756,353.95,0,1
1757,383.74,0,1
1758,374.16,0,1
1759,812.14,0,0
1760,606.77,0,0
1761,627.53,1,1
1762,629.51,1,1
1763,487.34,0,1
1764,442.75,0,0
1765,430.41,0,1
1766,795.83,1,1
1767,649.08,0,0
1768,821.1,1,1
1769,657.31,0,0
1770,458.19,0,0
1771,392.05,0,1
1772,505.84,0,0
1773,583.1,0,0
1774,517.57,0,0
1775,562.33,0,0
1776,484.48,0,1
1777,584.72,0,0
1778,304.84,0,1
1779,746.06,0,0
1780,468.61,0,0
1781,796.66,1,1
1782,572.37,0,0
1783,402.67,0,0
1784,422.74,0,0
1785,762.98,1,1
1786,476.6,0,1
1787,387.61,0,1
1788,512.74,0,0
1789,490.88,0,0
1790,686.89,1,1
1791,558.59,0,0
1792,633.12,0,1
1793,327.67,0,0
1794,476.0,1,1
1795,474.45,0,0
1796,405.82,0,0
1797,380.79,0,0
1798,630.22,1,1
1799,632.97,0,1
1800,538.01,0,0
1801,715.25,0,1
1802,231.1,0,0
1803,531.89,0,0
1804,460.72,0,1
1805,504.78,0,0
1806,232.64,0,0
1807,415.93,0,0
1808,291.59,0,1
1809,552.11,0,0
1810,412.43,0,0
1811,496.38,0,0
1812,678.84,1,1
1813,555.51,0,0
1814,661.29,0,0
1815,529.58,0,1
1816,587.1,0,0
1817,430.5,0,1
1818,701.44,0,0
1819,537.43,0,1
1820,627.92,1,1
1821,319.58,0,1
1822,666.57,0,1
1823,603.95,1,1
1824,514.77,0,1
1825,397.35,0,1
1826,750.05,1,1
1827,485.16,0,1
1828,753.65,1,1
1829,446.82,0,0
1830,542.59,0,0
1831,491.8,0,1
1832,623.36,1,1
1833,575.56,0,1
1834,495.59,0,0
1835,585.07,0,1
1836,511.86,0,1
1837,407.18,0,1
1838,404.61,0,0
1839,606.99,0,1
1840,425.72,0,1
1841,600.24,0,0
1842,498.02,0,0
1843,510.89,0,0
1844,663.49,1,1
1845,426.26,0,1
1846,493.43,0,0
1847,513.95,0,1
1848,567.86,0,0
1849,426.6,0,1
1850,514.87,1,1
1851,330.22,0,0
1852,493.99,0,0
1853,485.02,0,1
1854,581.86,0,0
1855,496.22,0,0
1856,552.95,0,0
1857,566.8,0,1
1858,752.57,1,1
1859,649.4,1,1
1860,488.13,0,0
1861,509.52,1,1
1862,643.35,1,1
1863,441.65,0,1
1864,590.01,1,1
1865,460.68,0,0
1866,517.07,0,0
1867,733.04,0,0
1868,541.11,0,0
1869,645.23,1,1
1870,671.84,0,1
1871,535.06,0,0
1872,373.07,0,1
1873,448.89,1,1
1874,697.93,1,1
1875,747.31,1,1
1876,498.83,0,1
1877,722.44,1,1
1878,277.08,0,1
1879,878.84,1,1
1880,610.28,0,0
1881,677.38,1,1
1882,455.09,1,1
1883,616.4,1,1
1884,402.1,0,1
1885,606.0,0,0
1886,487.89,0,1
1887,374.26,0,1
1888,558.84,0,0
1889,711.88,1,1
1890,287.75,0,0
1891,482.64,0,0
1892,657.19,0,0
1893,631.89,0,0
1894,772.61,1,1
1895,477.28,0,0
1896,466.23,0,1
1897,428.85,0,0
1898,399.44,0,0
1899,767.97,0,0
1900,559.3,0,1
1901,385.49,0,1
1902,525.64,0,1
1903,591.42,0,1
1904,535.52,0,0
1905,368.67,0,0
1906,549.2,0,0
1907,423.1,0,0
1908,369.58,0,0
1909,569.58,0,0
1910,403.61,0,0
1911,502.83,0,0
1912,529.28,0,0
1913,618.13,1,1
1914,302.23,0,1
1915,489.15,0,1
1916,382.94,0,0
1917,461.17,0,0
1918,652.99,1,1
1919,559.2,0,0
1920,426.46,0,1
1921,689.24,1,1
1922,784.62,1,1
1923,324.98,0,0
1924,424.2,0,0
1925,459.3,0,0
1926,448.9,0,0
1927,703.5,0,0
1928,699.98,1,1
1929,692.26,1,1
1930,630.5,0,0
1931,335.39,0,1
1932,704.57,1,1
1933,571.5,0,1
1934,502.55,0,0
1935,470.38,0,1
1936,508.72,0,0
1937,492.08,0,0
1938,283.29,0,0
1939,224.71,0,1
1940,485.06,0,0
1941,659.78,1,1
1942,794.05,1,1
1943,228.05,0,0
1944,537.08,0,0
1945,405.73,0,0
1946,298.11,0,0
1947,634.3,0,0
1948,542.43,0,1
1949,651.42,0,0
1950,466.75,0,0
1951,390.15,0,0
1952,265.03,0,1
1953,672.83,1,1
1954,462.47,0,1
1955,464.49,0,0
1956,419.33,0,0
1957,384.36,0,1
1958,541.86,0,0
1959,369.33,0,0
1960,449.44,0,1
1961,572.88,0,0
1962,344.75,0,0
1963,449.11,0,1
1964,508.32,0,0
1965,515.19,0,0
1966,732.67,1,1
1967,323.51,0,1
1968,459.47,0,0
1969,456.33,0,0
1970,650.71,0,1
1971,551.84,0,1
1972,524.43,0,1
1973,589.98,1,1
1974,704.22,0,0
1975,377.34,0,0
1976,387.3,0,1
1977,859.28,1,1
1978,350.8,0,1
1979,560.26,0,0
1980,839.83,1,1
1981,396.75,0,1
1982,699.18,0,0
1983,550.3,0,0
1984,533.0,0,1
1985,804.81,1,1
1986,746.48,1,1
1987,460.01,0,0
1988,784.92,1,1
1989,552.0,0,1
1990,665.53,1,1
1991,561.71,0,0
1992,523.07,0,0
1993,504.89,0,0
1994,679.39,1,1
1995,836.58,1,1
1996,483.51,1,1
1997,610.35,0,0
1998,501.59,1,1
1999,307.01,0,0
2000,539.12,0,1
