"mun_id","anio","tratado","empleo_manuf","estab_manuf","va_manuf","empleo_agro","horas_interrupcion","poblacion","ribera_cauca","dist_presa_km","dist_cali_km"
1,1978,0,1616,55,4.4,3704,24.5,31047,0,66.3,56.6
1,1979,0,1619,64,4.2,3906,18.9,31664,0,66.3,56.6
1,1980,0,1801,76,5.6,3792,24.5,32293,0,66.3,56.6
1,1981,0,1896,66,5.6,3933,18.6,32934,0,66.3,56.6
1,1982,0,1849,61,5.3,3920,26.8,33589,0,66.3,56.6
1,1983,0,2006,80,6.1,3853,27.8,34256,0,66.3,56.6
1,1984,0,1931,73,5.7,4070,31.9,34936,0,66.3,56.6
1,1985,0,1928,76,5.9,4304,29.2,35630,0,66.3,56.6
1,1986,0,1843,80,5.8,4709,19.7,36338,0,66.3,56.6
1,1987,0,2044,95,6.5,4785,21.8,37060,0,66.3,56.6
1,1988,0,2172,87,6.9,4798,25.7,37796,0,66.3,56.6
1,1989,0,2320,106,6.5,5232,24,38546,0,66.3,56.6
1,1990,0,2387,98,6.3,5219,27.8,39312,0,66.3,56.6
1,1991,0,2414,97,6.5,5070,22.9,40093,0,66.3,56.6
1,1992,0,2525,95,7.6,4984,23.3,40889,0,66.3,56.6
1,1993,0,2583,108,7.9,5214,23.6,41701,0,66.3,56.6
1,1994,0,2622,103,8.2,5532,23.9,42530,0,66.3,56.6
1,1995,0,2732,115,8.8,5442,21.8,43374,0,66.3,56.6
2,1978,0,39,1,0.1,131,41.6,1466,0,138.3,174.8
2,1979,0,40,2,0.1,141,34.6,1493,0,138.3,174.8
2,1980,0,44,2,0.1,142,33,1521,0,138.3,174.8
2,1981,0,44,2,0.1,144,46.5,1549,0,138.3,174.8
2,1982,0,43,1,0.1,154,31.2,1577,0,138.3,174.8
2,1983,0,39,1,0.1,156,39.5,1607,0,138.3,174.8
2,1984,0,41,1,0.1,159,49,1636,0,138.3,174.8
2,1985,0,44,2,0.1,163,35.2,1667,0,138.3,174.8
2,1986,0,45,2,0.1,176,28.2,1697,0,138.3,174.8
2,1987,0,48,2,0.1,181,34.5,1729,0,138.3,174.8
2,1988,0,47,2,0.1,177,27.2,1761,0,138.3,174.8
2,1989,0,52,2,0.1,178,45.9,1793,0,138.3,174.8
2,1990,0,58,3,0.2,191,32.5,1826,0,138.3,174.8
2,1991,0,59,2,0.2,191,41.8,1860,0,138.3,174.8
2,1992,0,62,2,0.2,204,30.4,1895,0,138.3,174.8
2,1993,0,64,2,0.2,203,27.7,1930,0,138.3,174.8
2,1994,0,69,3,0.2,209,26.1,1965,0,138.3,174.8
2,1995,0,70,3,0.2,207,32.9,2002,0,138.3,174.8
3,1978,0,353,15,0.8,1653,41,12724,1,150.6,103.7
3,1979,0,359,14,0.9,1640,45.6,12966,1,150.6,103.7
3,1980,0,392,15,1,1643,34.7,13213,1,150.6,103.7
3,1981,0,424,20,1,1629,37.8,13464,1,150.6,103.7
3,1982,0,436,15,1.1,1713,34.5,13720,1,150.6,103.7
3,1983,0,436,20,1.1,1973,42.8,13981,1,150.6,103.7
3,1984,0,437,15,1.2,2001,40.2,14247,1,150.6,103.7
3,1985,0,443,19,1.2,1934,32.6,14518,1,150.6,103.7
3,1986,0,458,15,1.3,2007,38.9,14794,1,150.6,103.7
3,1987,0,475,19,1.2,2029,40.3,15076,1,150.6,103.7
3,1988,0,506,23,1.2,2174,36.8,15362,1,150.6,103.7
3,1989,0,498,20,1.2,2120,47.9,15654,1,150.6,103.7
3,1990,0,548,19,1.4,2309,45,15952,1,150.6,103.7
3,1991,0,554,23,1.5,2343,38.5,16256,1,150.6,103.7
3,1992,0,553,22,1.6,2249,31.5,16565,1,150.6,103.7
3,1993,0,632,23,1.7,2243,49.8,16880,1,150.6,103.7
3,1994,0,618,29,1.5,2263,31.3,17201,1,150.6,103.7
3,1995,0,597,26,1.5,2311,36.8,17528,1,150.6,103.7
4,1978,0,3565,128,13.3,4811,24.1,78326,0,81.7,79.1
4,1979,0,3769,141,14.2,4994,31.2,79839,0,81.7,79.1
4,1980,0,3891,167,13.8,4869,23.9,81381,0,81.7,79.1
4,1981,0,4004,148,14.9,5496,26.8,82953,0,81.7,79.1
4,1982,0,4161,175,16.8,5556,23.4,84555,0,81.7,79.1
4,1983,0,4428,191,17.5,5674,34.4,86188,0,81.7,79.1
4,1984,0,4121,167,14.3,6052,25.9,87853,0,81.7,79.1
4,1985,0,4076,127,14.1,6157,29,89550,0,81.7,79.1
4,1986,0,4550,210,15.1,6190,36.2,91279,0,81.7,79.1
4,1987,0,4900,193,17.3,6391,32.7,93042,0,81.7,79.1
4,1988,0,5458,203,17.8,6574,37.5,94839,0,81.7,79.1
4,1989,0,5417,231,19.6,6670,22.9,96671,0,81.7,79.1
4,1990,0,5660,257,20.4,6771,28.9,98538,0,81.7,79.1
4,1991,0,5752,280,19.1,7441,31.4,100441,0,81.7,79.1
4,1992,0,6272,237,19.6,7091,34,102381,0,81.7,79.1
4,1993,0,6312,275,21.7,7176,25.1,104359,0,81.7,79.1
4,1994,0,6296,217,21.5,7296,28.3,106374,0,81.7,79.1
4,1995,0,6947,327,23,7404,25.1,108429,0,81.7,79.1
5,1978,0,1141,54,3.4,3323,35.4,48632,0,50,27.4
5,1979,0,1180,58,3.2,3765,33,49488,0,50,27.4
5,1980,0,1271,44,3.3,3649,36.6,50359,0,50,27.4
5,1981,0,1281,59,3.8,3924,44.7,51245,0,50,27.4
5,1982,0,1330,50,3.8,3898,24.8,52146,0,50,27.4
5,1983,0,1265,53,4,3892,38.2,53064,0,50,27.4
5,1984,0,1241,49,3.7,4148,36.8,53997,0,50,27.4
5,1985,0,1313,75,4,4015,46,54947,0,50,27.4
5,1986,0,1568,74,4.8,4130,33.3,55914,0,50,27.4
5,1987,0,1634,70,4.9,4355,34.6,56898,0,50,27.4
5,1988,0,1740,61,5.2,4592,37.9,57899,0,50,27.4
5,1989,0,1818,95,5.1,4683,55.6,58918,0,50,27.4
5,1990,0,1792,73,5.2,4379,40.7,59954,0,50,27.4
5,1991,0,1891,86,5.9,4461,28.4,61009,0,50,27.4
5,1992,0,1883,72,6,4591,38.6,62082,0,50,27.4
5,1993,0,1869,83,5.6,4609,40.5,63175,0,50,27.4
5,1994,0,1952,87,6.2,4897,34.7,64286,0,50,27.4
5,1995,0,1915,76,6.1,4704,49.4,65417,0,50,27.4
6,1978,0,4151,141,16.4,3562,33.2,54949,1,156.5,96.9
6,1979,0,4272,178,17.2,3982,23,55765,1,156.5,96.9
6,1980,0,4567,175,17.6,3931,30.3,56592,1,156.5,96.9
6,1981,0,4626,210,17.3,3892,21.7,57432,1,156.5,96.9
6,1982,0,4643,215,17.6,3792,18.9,58284,1,156.5,96.9
6,1983,0,4527,188,17.4,3924,23.7,59149,1,156.5,96.9
6,1984,0,4598,195,20,3982,37.3,60027,1,156.5,96.9
6,1985,0,4966,184,18.9,3763,27.2,60918,1,156.5,96.9
6,1986,0,4972,207,19.2,3962,21.5,61822,1,156.5,96.9
6,1987,0,4977,198,19.3,4231,21.4,62739,1,156.5,96.9
6,1988,0,5496,239,21.8,4456,27.9,63670,1,156.5,96.9
6,1989,0,5639,258,21.8,4353,26.6,64615,1,156.5,96.9
6,1990,0,6065,228,22.8,4471,29.7,65574,1,156.5,96.9
6,1991,0,6357,266,26.2,4468,39.5,66547,1,156.5,96.9
6,1992,0,6813,242,26.4,4553,24.3,67534,1,156.5,96.9
6,1993,0,7100,290,26,4384,28,68536,1,156.5,96.9
6,1994,0,7062,276,28.8,4374,23.7,69553,1,156.5,96.9
6,1995,0,7044,311,29.7,4332,33.6,70585,1,156.5,96.9
7,1978,0,1575,58,3.6,8125,34.4,72628,0,119.4,110.7
7,1979,0,1529,76,3.5,8332,29.6,73813,0,119.4,110.7
7,1980,0,1721,56,4,8915,40.8,75017,0,119.4,110.7
7,1981,0,1692,66,4.1,8875,44.5,76241,0,119.4,110.7
7,1982,0,1750,93,4.3,8832,36.6,77485,0,119.4,110.7
7,1983,0,1670,66,4.1,9168,43.4,78749,0,119.4,110.7
7,1984,0,1699,84,4.5,8510,27.2,80033,0,119.4,110.7
7,1985,0,1735,78,4.3,8528,26.5,81339,0,119.4,110.7
7,1986,0,1725,77,4.3,9140,32.7,82665,0,119.4,110.7
7,1987,0,1975,72,4.9,9538,40.6,84014,0,119.4,110.7
7,1988,0,2100,86,5,9809,37.3,85384,0,119.4,110.7
7,1989,0,2137,84,5.3,10270,59.4,86777,0,119.4,110.7
7,1990,0,2284,102,5.8,10515,29,88193,0,119.4,110.7
7,1991,0,2332,107,6.2,10634,35.6,89631,0,119.4,110.7
7,1992,0,2379,79,6.3,11098,30.8,91094,0,119.4,110.7
7,1993,0,2446,88,6.4,11949,34,92580,0,119.4,110.7
7,1994,0,2547,98,6.5,12275,29,94090,0,119.4,110.7
7,1995,0,2590,79,6.8,12473,44.5,95625,0,119.4,110.7
8,1978,0,2885,86,10.1,4463,24.8,65499,0,142.2,109.7
8,1979,0,2930,142,10.1,4610,31.9,66645,0,142.2,109.7
8,1980,0,2843,114,9.5,4805,27.1,67811,0,142.2,109.7
8,1981,0,2987,118,10.7,4637,24.6,68997,0,142.2,109.7
8,1982,0,2957,139,9.6,4684,22.1,70204,0,142.2,109.7
8,1983,0,3073,121,9.9,4932,22.5,71432,0,142.2,109.7
8,1984,0,3232,116,10.2,5082,24.6,72682,0,142.2,109.7
8,1985,0,3286,139,10.9,5152,17,73954,0,142.2,109.7
8,1986,0,3386,124,10.9,5531,29.5,75248,0,142.2,109.7
8,1987,0,3747,143,12.6,5368,24,76564,0,142.2,109.7
8,1988,0,3807,122,12.8,5602,17.6,77904,0,142.2,109.7
8,1989,0,4162,192,13.7,5941,22,79266,0,142.2,109.7
8,1990,0,4331,171,15.1,5742,24.9,80653,0,142.2,109.7
8,1991,0,4409,152,15.6,5631,27,82064,0,142.2,109.7
8,1992,0,4400,146,13.9,6164,19.1,83500,0,142.2,109.7
8,1993,0,4585,161,14.7,6450,22.5,84961,0,142.2,109.7
8,1994,0,4560,155,15.4,5846,28.1,86447,0,142.2,109.7
8,1995,0,4738,165,16.8,6285,27.2,87960,0,142.2,109.7
9,1978,0,2353,104,8.8,2412,15.5,41024,0,75.1,40.3
9,1979,0,2466,97,8.7,2494,17.6,41787,0,75.1,40.3
9,1980,0,2555,103,8.5,2670,22,42565,0,75.1,40.3
9,1981,0,2687,124,9.4,2500,28.7,43357,0,75.1,40.3
9,1982,0,2677,139,9.1,2437,23.8,44164,0,75.1,40.3
9,1983,0,2591,101,10.6,2523,16.1,44986,0,75.1,40.3
9,1984,0,2622,96,10.3,2349,22.3,45823,0,75.1,40.3
9,1985,0,2810,122,11.1,2543,29,46676,0,75.1,40.3
9,1986,0,2855,125,10.2,2662,20.1,47545,0,75.1,40.3
9,1987,0,3122,105,11.1,2743,20.7,48429,0,75.1,40.3
9,1988,0,3213,125,12.5,2814,17.5,49331,0,75.1,40.3
9,1989,0,3202,127,11.8,3064,25.7,50249,0,75.1,40.3
9,1990,0,3471,160,12.5,3147,16.9,51184,0,75.1,40.3
9,1991,0,3782,164,12.4,3490,23.6,52136,0,75.1,40.3
9,1992,0,3926,156,13.1,3328,16.2,53107,0,75.1,40.3
9,1993,0,3850,163,14.7,3130,18.9,54095,0,75.1,40.3
9,1994,0,4232,175,15.8,3320,18.7,55102,0,75.1,40.3
9,1995,0,4432,196,17.4,3347,24.9,56127,0,75.1,40.3
10,1978,1,252,9,0.5,3630,33.7,20179,1,77.6,93.6
10,1979,1,259,9,0.5,3747,27,20568,1,77.6,93.6
10,1980,1,267,12,0.5,4076,35.4,20964,1,77.6,93.6
10,1981,1,263,12,0.5,4371,35.5,21368,1,77.6,93.6
10,1982,1,279,10,0.5,4687,38.7,21780,1,77.6,93.6
10,1983,1,286,9,0.5,4545,27.7,22199,1,77.6,93.6
10,1984,1,281,10,0.5,4865,33,22627,1,77.6,93.6
10,1985,1,313,11,0.6,5132,48.1,23063,1,77.6,93.6
10,1986,1,360,18,0.7,5791,13.1,23507,1,77.6,93.6
10,1987,1,364,15,0.8,5672,9.6,23960,1,77.6,93.6
10,1988,1,384,14,0.8,5717,16.4,24422,1,77.6,93.6
10,1989,1,442,20,1,5592,10.9,24893,1,77.6,93.6
10,1990,1,476,20,1,5712,19.5,25372,1,77.6,93.6
10,1991,1,489,18,1.1,5373,20.2,25861,1,77.6,93.6
10,1992,1,538,22,1.1,5374,10.6,26359,1,77.6,93.6
10,1993,1,546,15,1,5986,13.6,26867,1,77.6,93.6
10,1994,1,560,18,1.1,5405,12.9,27385,1,77.6,93.6
10,1995,1,569,22,1,5883,15.5,27912,1,77.6,93.6
11,1978,1,1585,59,7.1,500,23.7,11234,1,32.8,110.1
11,1979,1,1605,66,6.9,545,28.6,11440,1,32.8,110.1
11,1980,1,1622,70,7.2,553,30.9,11650,1,32.8,110.1
11,1981,1,1689,70,7.8,538,23,11864,1,32.8,110.1
11,1982,1,1689,65,8.3,566,26,12082,1,32.8,110.1
11,1983,1,1753,78,8.7,567,24.1,12304,1,32.8,110.1
11,1984,1,1707,66,8,594,32.9,12530,1,32.8,110.1
11,1985,1,1654,71,7.4,653,21.8,12760,1,32.8,110.1
11,1986,1,1785,84,8.2,680,11.2,12994,1,32.8,110.1
11,1987,1,1957,72,10.1,722,12.9,13232,1,32.8,110.1
11,1988,1,2131,74,10.9,694,9.8,13475,1,32.8,110.1
11,1989,1,2215,99,10.7,717,15.5,13723,1,32.8,110.1
11,1990,1,2464,115,11.7,703,9.7,13975,1,32.8,110.1
11,1991,1,2634,100,12.2,693,12.1,14231,1,32.8,110.1
11,1992,1,2839,90,12.1,690,9.9,14493,1,32.8,110.1
11,1993,1,3017,132,13.6,717,5.8,14759,1,32.8,110.1
11,1994,1,3204,117,15.9,718,10.6,15030,1,32.8,110.1
11,1995,1,3306,127,16.6,650,10.4,15306,1,32.8,110.1
12,1978,0,234,9,0.6,1283,38.4,21313,0,137.4,26.7
12,1979,0,246,8,0.7,1329,35,21693,0,137.4,26.7
12,1980,0,256,9,0.7,1466,35.7,22080,0,137.4,26.7
12,1981,0,261,12,0.8,1445,30.2,22474,0,137.4,26.7
12,1982,0,268,11,0.8,1549,29.8,22875,0,137.4,26.7
12,1983,0,249,12,0.7,1657,32.9,23283,0,137.4,26.7
12,1984,0,256,10,0.7,1600,31,23698,0,137.4,26.7
12,1985,0,272,9,0.8,1569,31.2,24121,0,137.4,26.7
12,1986,0,269,9,0.8,1642,20.7,24551,0,137.4,26.7
12,1987,0,293,12,0.9,1692,37.1,24989,0,137.4,26.7
12,1988,0,309,13,0.9,1725,31.3,25435,0,137.4,26.7
12,1989,0,313,13,0.9,1876,34.3,25889,0,137.4,26.7
12,1990,0,326,13,0.9,1843,49.8,26350,0,137.4,26.7
12,1991,0,348,16,0.9,1799,33.9,26820,0,137.4,26.7
12,1992,0,362,14,1,1849,28.8,27299,0,137.4,26.7
12,1993,0,371,14,1,1740,30.5,27786,0,137.4,26.7
12,1994,0,382,18,1,1870,30.4,28281,0,137.4,26.7
12,1995,0,390,16,1,1765,31.4,28786,0,137.4,26.7
13,1978,1,368,14,0.7,4819,28.5,26878,0,56.5,131.4
13,1979,1,384,13,0.7,4320,30.8,27375,0,56.5,131.4
13,1980,1,400,17,0.8,4591,26.9,27881,0,56.5,131.4
13,1981,1,412,14,0.8,4851,23,28397,0,56.5,131.4
13,1982,1,405,20,0.8,5090,30.4,28921,0,56.5,131.4
13,1983,1,387,17,0.8,5067,26.3,29456,0,56.5,131.4
13,1984,1,394,14,0.8,5413,28.7,30001,0,56.5,131.4
13,1985,1,400,19,0.8,5645,27,30555,0,56.5,131.4
13,1986,1,405,14,0.7,5770,14.3,31120,0,56.5,131.4
13,1987,1,482,22,0.9,6087,10.1,31695,0,56.5,131.4
13,1988,1,508,23,0.9,5981,9,32281,0,56.5,131.4
13,1989,1,558,22,1.1,5978,12.6,32878,0,56.5,131.4
13,1990,1,620,25,1.3,5944,9.1,33486,0,56.5,131.4
13,1991,1,641,27,1.4,6192,13.7,34104,0,56.5,131.4
13,1992,1,667,24,1.5,5904,11.4,34735,0,56.5,131.4
13,1993,1,677,23,1.5,5877,7.9,35377,0,56.5,131.4
13,1994,1,719,31,1.6,6210,11.8,36031,0,56.5,131.4
13,1995,1,728,26,1.6,6351,12.2,36697,0,56.5,131.4
14,1978,0,133,4,0.4,410,34.9,6038,0,158.4,81.3
14,1979,0,143,5,0.4,445,39.1,6143,0,158.4,81.3
14,1980,0,144,7,0.4,483,41.5,6249,0,158.4,81.3
14,1981,0,154,6,0.4,520,36.5,6357,0,158.4,81.3
14,1982,0,146,6,0.4,524,47.3,6467,0,158.4,81.3
14,1983,0,147,7,0.5,529,41.5,6579,0,158.4,81.3
14,1984,0,163,7,0.5,593,28.8,6693,0,158.4,81.3
14,1985,0,165,6,0.5,582,34.1,6809,0,158.4,81.3
14,1986,0,165,8,0.4,574,37.7,6927,0,158.4,81.3
14,1987,0,168,8,0.5,534,31.1,7047,0,158.4,81.3
14,1988,0,198,8,0.5,577,40.1,7169,0,158.4,81.3
14,1989,0,202,8,0.5,596,37.4,7293,0,158.4,81.3
14,1990,0,209,8,0.6,624,32.3,7420,0,158.4,81.3
14,1991,0,214,9,0.6,609,32.3,7548,0,158.4,81.3
14,1992,0,208,8,0.6,627,38.3,7679,0,158.4,81.3
14,1993,0,210,8,0.6,610,38.8,7812,0,158.4,81.3
14,1994,0,200,8,0.6,663,58.3,7947,0,158.4,81.3
14,1995,0,202,7,0.6,694,32.8,8085,0,158.4,81.3
15,1978,1,334,13,1.1,617,25.1,11730,1,157.5,63
15,1979,1,351,17,1.2,646,22.7,11943,1,157.5,63
15,1980,1,324,12,1,662,22.6,12160,1,157.5,63
15,1981,1,351,17,1.2,680,21.4,12382,1,157.5,63
15,1982,1,349,15,1.2,664,26.2,12607,1,157.5,63
15,1983,1,353,15,1.3,654,22,12836,1,157.5,63
15,1984,1,358,18,1.2,698,25.3,13070,1,157.5,63
15,1985,1,380,13,1.3,736,23.8,13308,1,157.5,63
15,1986,1,426,15,1.4,719,9.1,13550,1,157.5,63
15,1987,1,464,20,1.5,776,9.1,13796,1,157.5,63
15,1988,1,518,20,1.6,840,8.6,14047,1,157.5,63
15,1989,1,537,29,1.7,796,8.8,14303,1,157.5,63
15,1990,1,570,25,1.9,771,7.7,14563,1,157.5,63
15,1991,1,615,22,2.2,793,9.9,14828,1,157.5,63
15,1992,1,669,25,2.5,772,8.4,15098,1,157.5,63
15,1993,1,685,23,2.5,750,8.1,15373,1,157.5,63
15,1994,1,681,28,2.5,797,9.9,15652,1,157.5,63
15,1995,1,735,31,2.7,847,7.8,15937,1,157.5,63
16,1978,0,340,14,1,648,17.8,7611,0,23.3,102.8
16,1979,0,375,14,1.2,654,24.6,7763,0,23.3,102.8
16,1980,0,386,15,1.3,695,25.7,7918,0,23.3,102.8
16,1981,0,366,16,1.1,659,27.4,8076,0,23.3,102.8
16,1982,0,371,14,1.2,666,31,8237,0,23.3,102.8
16,1983,0,376,13,1.1,665,30.6,8401,0,23.3,102.8
16,1984,0,342,17,1.2,685,25.9,8569,0,23.3,102.8
16,1985,0,343,14,1.2,695,30.7,8740,0,23.3,102.8
16,1986,0,362,12,1.2,746,27,8914,0,23.3,102.8
16,1987,0,401,15,1.3,754,33.4,9092,0,23.3,102.8
16,1988,0,431,19,1.4,836,21.4,9273,0,23.3,102.8
16,1989,0,450,19,1.6,853,26.1,9458,0,23.3,102.8
16,1990,0,488,20,1.7,808,22.6,9647,0,23.3,102.8
16,1991,0,505,17,1.8,826,39.1,9839,0,23.3,102.8
16,1992,0,498,23,1.6,824,24.8,10036,0,23.3,102.8
16,1993,0,535,16,1.8,820,23.7,10236,0,23.3,102.8
16,1994,0,573,24,2,853,18.2,10440,0,23.3,102.8
16,1995,0,610,23,2.1,839,33.8,10649,0,23.3,102.8
17,1978,1,420,16,0.9,3085,38,32782,1,136.2,130.1
17,1979,1,456,14,1.1,3539,39.2,33405,1,136.2,130.1
17,1980,1,462,20,1.1,3628,33.7,34040,1,136.2,130.1
17,1981,1,485,22,1.2,3709,31.3,34687,1,136.2,130.1
17,1982,1,495,25,1.1,3753,36.9,35346,1,136.2,130.1
17,1983,1,494,19,1.2,3646,28.9,36017,1,136.2,130.1
17,1984,1,495,19,1.1,3613,23,36702,1,136.2,130.1
17,1985,1,531,19,1.2,3748,42.1,37399,1,136.2,130.1
17,1986,1,578,25,1.3,3637,14.4,38110,1,136.2,130.1
17,1987,1,650,27,1.5,3726,10.2,38834,1,136.2,130.1
17,1988,1,706,29,1.5,3773,12.8,39572,1,136.2,130.1
17,1989,1,701,27,1.5,4112,14,40324,1,136.2,130.1
17,1990,1,777,30,1.7,4220,14.3,41090,1,136.2,130.1
17,1991,1,833,37,1.9,4563,14.3,41871,1,136.2,130.1
17,1992,1,858,34,2.3,4521,14.6,42667,1,136.2,130.1
17,1993,1,920,36,2.4,4506,16.1,43478,1,136.2,130.1
17,1994,1,993,43,2.5,4738,16,44304,1,136.2,130.1
17,1995,1,1024,43,2.7,4689,16.7,45146,1,136.2,130.1
18,1978,1,692,25,2.5,989,30.8,13892,1,29.6,164.8
18,1979,1,704,29,2.4,1050,28.3,14142,1,29.6,164.8
18,1980,1,756,33,2.7,1085,27.4,14396,1,29.6,164.8
18,1981,1,774,36,2.8,1018,33.9,14655,1,29.6,164.8
18,1982,1,799,33,3,1108,20.4,14919,1,29.6,164.8
18,1983,1,828,33,3,1162,34.2,15187,1,29.6,164.8
18,1984,1,867,33,3.1,1165,24.5,15461,1,29.6,164.8
18,1985,1,828,33,2.7,1236,34.9,15739,1,29.6,164.8
18,1986,1,861,34,3,1296,12.6,16022,1,29.6,164.8
18,1987,1,929,38,3,1233,12.2,16310,1,29.6,164.8
18,1988,1,962,36,3.3,1218,12.6,16604,1,29.6,164.8
18,1989,1,1066,43,3.5,1205,12.3,16902,1,29.6,164.8
18,1990,1,1153,34,3.9,1255,8.1,17206,1,29.6,164.8
18,1991,1,1236,44,4.5,1268,9.3,17516,1,29.6,164.8
18,1992,1,1287,54,4.8,1201,11.6,17831,1,29.6,164.8
18,1993,1,1341,56,5.1,1213,12.6,18152,1,29.6,164.8
18,1994,1,1375,45,5.2,1241,12.2,18478,1,29.6,164.8
18,1995,1,1369,49,5.6,1286,8.5,18811,1,29.6,164.8
19,1978,1,748,30,2.7,820,27.8,16860,1,31.5,34.6
19,1979,1,770,30,2.8,791,31.8,17166,1,31.5,34.6
19,1980,1,845,32,2.8,911,33.2,17478,1,31.5,34.6
19,1981,1,842,31,3.1,964,32.1,17795,1,31.5,34.6
19,1982,1,835,32,2.9,988,45.5,18118,1,31.5,34.6
19,1983,1,830,30,3.1,1025,32.8,18446,1,31.5,34.6
19,1984,1,797,28,2.9,1128,33.1,18781,1,31.5,34.6
19,1985,1,801,35,3.1,1145,40.9,19122,1,31.5,34.6
19,1986,1,830,30,3.3,1124,8.8,19469,1,31.5,34.6
19,1987,1,946,32,3.3,1110,8.2,19822,1,31.5,34.6
19,1988,1,980,45,3.6,1151,9.8,20181,1,31.5,34.6
19,1989,1,1071,47,4.3,1097,9.9,20547,1,31.5,34.6
19,1990,1,1116,43,4.5,1167,12.1,20920,1,31.5,34.6
19,1991,1,1236,39,5,1229,11.2,21300,1,31.5,34.6
19,1992,1,1261,46,5.2,1172,15.5,21686,1,31.5,34.6
19,1993,1,1304,60,5,1162,12.7,22080,1,31.5,34.6
19,1994,1,1438,59,5.3,1210,10.4,22480,1,31.5,34.6
19,1995,1,1600,47,5.9,1201,13.7,22888,1,31.5,34.6
20,1978,0,3596,177,19,1009,29.5,22632,0,130.9,173.9
20,1979,0,3962,161,18.9,1097,55.1,23039,0,130.9,173.9
20,1980,0,4130,192,19.1,1155,35.3,23453,0,130.9,173.9
20,1981,0,4218,165,19.9,1246,27.4,23874,0,130.9,173.9
20,1982,0,4361,195,19.9,1256,39.3,24303,0,130.9,173.9
20,1983,0,4164,174,18.8,1233,31,24740,0,130.9,173.9
20,1984,0,4061,129,18.7,1259,24.4,25185,0,130.9,173.9
20,1985,0,4144,120,19.6,1228,26.7,25637,0,130.9,173.9
20,1986,0,4336,185,20.7,1282,24.3,26098,0,130.9,173.9
20,1987,0,4898,185,26.4,1357,33.7,26567,0,130.9,173.9
20,1988,0,4623,160,23.9,1352,29.9,27045,0,130.9,173.9
20,1989,0,5214,239,23.4,1377,29.5,27531,0,130.9,173.9
20,1990,0,5616,180,25.8,1391,53.7,28026,0,130.9,173.9
20,1991,0,5875,217,27.1,1373,30.6,28529,0,130.9,173.9
20,1992,0,5898,197,29.3,1405,41,29042,0,130.9,173.9
20,1993,0,6088,256,31.6,1439,28.9,29564,0,130.9,173.9
20,1994,0,6341,230,30.7,1486,48.6,30095,0,130.9,173.9
20,1995,0,6593,292,31.6,1396,37.2,30636,0,130.9,173.9
21,1978,1,75,3,0.2,396,37,2825,0,45.2,125.4
21,1979,1,86,4,0.2,416,38.2,2875,0,45.2,125.4
21,1980,1,84,4,0.2,427,42.9,2927,0,45.2,125.4
21,1981,1,88,3,0.2,459,33.5,2979,0,45.2,125.4
21,1982,1,85,3,0.2,465,50.6,3032,0,45.2,125.4
21,1983,1,82,4,0.2,443,26.8,3087,0,45.2,125.4
21,1984,1,87,3,0.2,445,45,3142,0,45.2,125.4
21,1985,1,96,4,0.2,467,53.9,3198,0,45.2,125.4
21,1986,1,98,5,0.2,493,13.9,3255,0,45.2,125.4
21,1987,1,105,4,0.2,536,12.5,3314,0,45.2,125.4
21,1988,1,115,5,0.3,572,10.3,3373,0,45.2,125.4
21,1989,1,127,5,0.3,581,12,3433,0,45.2,125.4
21,1990,1,128,5,0.3,592,10.7,3495,0,45.2,125.4
21,1991,1,146,6,0.4,590,13.5,3557,0,45.2,125.4
21,1992,1,165,7,0.4,543,11.6,3621,0,45.2,125.4
21,1993,1,166,6,0.5,563,16.9,3686,0,45.2,125.4
21,1994,1,163,6,0.4,575,18.8,3752,0,45.2,125.4
21,1995,1,161,6,0.4,568,19.6,3819,0,45.2,125.4
22,1978,0,52,2,0.1,303,41,2817,0,148.4,159.3
22,1979,0,55,2,0.1,316,27.8,2871,0,148.4,159.3
22,1980,0,55,3,0.1,366,27.6,2926,0,148.4,159.3
22,1981,0,56,3,0.1,385,31.8,2982,0,148.4,159.3
22,1982,0,58,3,0.1,374,36.7,3039,0,148.4,159.3
22,1983,0,56,2,0.1,383,32.7,3097,0,148.4,159.3
22,1984,0,57,2,0.1,407,35.5,3156,0,148.4,159.3
22,1985,0,59,3,0.1,445,32.6,3217,0,148.4,159.3
22,1986,0,64,2,0.1,406,36.2,3278,0,148.4,159.3
22,1987,0,71,3,0.2,432,44.9,3341,0,148.4,159.3
22,1988,0,69,3,0.1,454,28,3405,0,148.4,159.3
22,1989,0,67,3,0.2,468,37.9,3470,0,148.4,159.3
22,1990,0,72,3,0.2,474,28.2,3536,0,148.4,159.3
22,1991,0,73,2,0.2,496,46.5,3604,0,148.4,159.3
22,1992,0,78,4,0.2,497,36.3,3673,0,148.4,159.3
22,1993,0,84,3,0.2,511,35.9,3743,0,148.4,159.3
22,1994,0,89,4,0.2,512,50.1,3814,0,148.4,159.3
22,1995,0,86,3,0.2,524,31.2,3887,0,148.4,159.3
23,1978,0,654,29,1.6,3551,27.8,24602,0,97.5,17
23,1979,0,733,34,1.9,3595,31.8,25010,0,97.5,17
23,1980,0,750,37,1.7,3853,31.2,25426,0,97.5,17
23,1981,0,827,39,1.9,4085,38.9,25848,0,97.5,17
23,1982,0,756,33,1.6,4200,29.9,26277,0,97.5,17
23,1983,0,742,30,1.7,4228,28.8,26713,0,97.5,17
23,1984,0,723,30,1.8,4402,57.8,27156,0,97.5,17
23,1985,0,754,37,1.7,4397,36.2,27607,0,97.5,17
23,1986,0,798,37,1.7,4995,35.4,28065,0,97.5,17
23,1987,0,831,31,1.8,4956,26.9,28531,0,97.5,17
23,1988,0,953,48,2.1,5103,39.3,29005,0,97.5,17
23,1989,0,928,39,2.1,4881,37.8,29486,0,97.5,17
23,1990,0,1037,40,2.3,5344,36.5,29976,0,97.5,17
23,1991,0,1061,45,2.2,5514,31.8,30473,0,97.5,17
23,1992,0,1054,43,2.3,5712,35.2,30979,0,97.5,17
23,1993,0,1066,34,2.6,5585,30.3,31493,0,97.5,17
23,1994,0,1008,49,2.3,5559,27.1,32016,0,97.5,17
23,1995,0,1002,39,2.5,5716,38.5,32547,0,97.5,17
24,1978,0,443,16,0.9,6803,43,34067,0,152.9,109.3
24,1979,0,462,18,0.9,6887,41.1,34675,0,152.9,109.3
24,1980,0,504,19,0.9,7745,44.6,35294,0,152.9,109.3
24,1981,0,520,27,0.9,8093,33.2,35923,0,152.9,109.3
24,1982,0,504,20,0.9,8145,32.5,36564,0,152.9,109.3
24,1983,0,496,19,0.9,8063,38.1,37216,0,152.9,109.3
24,1984,0,484,17,0.8,7928,53.2,37880,0,152.9,109.3
24,1985,0,484,16,0.8,7778,38.1,38556,0,152.9,109.3
24,1986,0,517,23,0.8,7765,41.3,39243,0,152.9,109.3
24,1987,0,515,18,0.9,8430,39.3,39943,0,152.9,109.3
24,1988,0,557,25,0.9,9033,37.2,40656,0,152.9,109.3
24,1989,0,591,20,1,9444,45.4,41381,0,152.9,109.3
24,1990,0,600,22,1,9535,34.4,42119,0,152.9,109.3
24,1991,0,626,27,1.1,9892,39.9,42871,0,152.9,109.3
24,1992,0,676,19,1.3,9935,52.5,43635,0,152.9,109.3
24,1993,0,740,31,1.5,9720,42.4,44414,0,152.9,109.3
24,1994,0,782,25,1.6,10554,25.8,45206,0,152.9,109.3
24,1995,0,788,32,1.7,10654,42.8,46012,0,152.9,109.3
25,1978,0,880,31,2.6,1373,34.9,14604,0,104.7,12.3
25,1979,0,864,30,2.2,1352,24,14868,0,104.7,12.3
25,1980,0,939,40,2.8,1517,26,15137,0,104.7,12.3
25,1981,0,961,42,3,1668,31.4,15410,0,104.7,12.3
25,1982,0,941,43,3,1707,24.9,15689,0,104.7,12.3
25,1983,0,994,41,3,1664,25.5,15973,0,104.7,12.3
25,1984,0,1064,43,3.1,1587,32.5,16262,0,104.7,12.3
25,1985,0,1120,49,3.5,1567,31.1,16556,0,104.7,12.3
25,1986,0,1097,45,3.6,1643,31.8,16855,0,104.7,12.3
25,1987,0,1113,51,3.6,1756,22.3,17160,0,104.7,12.3
25,1988,0,1068,46,3.4,1915,26.1,17470,0,104.7,12.3
25,1989,0,1166,45,3.3,2037,37.7,17786,0,104.7,12.3
25,1990,0,1219,46,3.5,1914,32.1,18108,0,104.7,12.3
25,1991,0,1260,42,3.5,1922,27.4,18435,0,104.7,12.3
25,1992,0,1310,56,3.9,2134,31.4,18769,0,104.7,12.3
25,1993,0,1333,53,4,2279,31.4,19108,0,104.7,12.3
25,1994,0,1340,56,4,2230,31.1,19454,0,104.7,12.3
25,1995,0,1355,54,4.5,2169,28.2,19806,0,104.7,12.3
26,1978,0,319,15,0.7,1700,37.7,12342,0,105.3,157
26,1979,0,334,12,0.8,1810,34.3,12572,0,105.3,157
26,1980,0,349,12,0.9,1836,42,12806,0,105.3,157
26,1981,0,342,15,0.8,1980,25.7,13044,0,105.3,157
26,1982,0,336,14,0.9,1939,38.5,13287,0,105.3,157
26,1983,0,337,15,0.9,2002,38.5,13534,0,105.3,157
26,1984,0,359,13,0.9,2036,45.6,13786,0,105.3,157
26,1985,0,395,17,0.9,1961,34.6,14043,0,105.3,157
26,1986,0,436,18,1,2234,34.9,14304,0,105.3,157
26,1987,0,427,17,1,2354,45.3,14570,0,105.3,157
26,1988,0,447,15,0.9,2406,44.3,14841,0,105.3,157
26,1989,0,470,19,1.2,2475,44.7,15118,0,105.3,157
26,1990,0,511,18,1.3,2609,41.1,15399,0,105.3,157
26,1991,0,525,18,1.3,2732,54.1,15685,0,105.3,157
26,1992,0,497,14,1.3,2369,39.6,15977,0,105.3,157
26,1993,0,506,20,1.2,2557,37.9,16275,0,105.3,157
26,1994,0,506,19,1.2,2459,32.4,16578,0,105.3,157
26,1995,0,532,17,1.2,2434,34.5,16886,0,105.3,157
27,1978,0,101,3,0.3,565,45.6,6295,0,130.5,122.5
27,1979,0,103,4,0.3,570,37,6415,0,130.5,122.5
27,1980,0,105,4,0.3,605,43.6,6538,0,130.5,122.5
27,1981,0,112,6,0.3,604,36.1,6662,0,130.5,122.5
27,1982,0,110,4,0.3,638,45.4,6789,0,130.5,122.5
27,1983,0,107,5,0.3,633,29.1,6919,0,130.5,122.5
27,1984,0,108,4,0.3,645,30.6,7051,0,130.5,122.5
27,1985,0,110,5,0.3,750,38.8,7186,0,130.5,122.5
27,1986,0,117,6,0.3,745,40.1,7323,0,130.5,122.5
27,1987,0,123,5,0.3,770,39.3,7462,0,130.5,122.5
27,1988,0,130,6,0.4,768,40.2,7605,0,130.5,122.5
27,1989,0,138,6,0.4,808,30.6,7750,0,130.5,122.5
27,1990,0,136,5,0.4,822,35.5,7898,0,130.5,122.5
27,1991,0,151,6,0.4,787,31.1,8048,0,130.5,122.5
27,1992,0,158,7,0.4,825,41.1,8202,0,130.5,122.5
27,1993,0,157,8,0.4,842,41.4,8359,0,130.5,122.5
27,1994,0,155,8,0.4,859,28.7,8518,0,130.5,122.5
27,1995,0,159,6,0.4,832,37.7,8681,0,130.5,122.5
28,1978,1,249,10,0.9,302,26,6819,1,59.1,146
28,1979,1,259,11,1,327,40.8,6935,1,59.1,146
28,1980,1,270,12,1,334,46.1,7052,1,59.1,146
28,1981,1,298,12,1.1,331,48.5,7172,1,59.1,146
28,1982,1,300,12,1.1,335,37.1,7293,1,59.1,146
28,1983,1,285,12,1.1,342,45.7,7416,1,59.1,146
28,1984,1,295,10,1.2,326,36.6,7542,1,59.1,146
28,1985,1,301,11,1.2,332,38.8,7669,1,59.1,146
28,1986,1,306,10,1.2,342,13.9,7799,1,59.1,146
28,1987,1,313,13,1.2,352,16,7931,1,59.1,146
28,1988,1,345,13,1.3,350,11.5,8065,1,59.1,146
28,1989,1,375,20,1.4,383,11.9,8202,1,59.1,146
28,1990,1,411,18,1.6,377,14.4,8341,1,59.1,146
28,1991,1,414,14,1.6,388,16.5,8482,1,59.1,146
28,1992,1,454,15,1.8,374,12.9,8625,1,59.1,146
28,1993,1,469,15,2,397,13,8771,1,59.1,146
28,1994,1,489,15,2.1,407,15,8920,1,59.1,146
28,1995,1,509,17,2.1,383,16.1,9071,1,59.1,146
29,1978,1,233,8,0.5,1205,41.6,11021,1,31.8,147.4
29,1979,1,249,12,0.6,1215,28.7,11210,1,31.8,147.4
29,1980,1,274,9,0.7,1266,44.2,11403,1,31.8,147.4
29,1981,1,275,11,0.7,1293,32,11598,1,31.8,147.4
29,1982,1,273,11,0.7,1394,39.8,11797,1,31.8,147.4
29,1983,1,263,10,0.6,1437,40.6,11999,1,31.8,147.4
29,1984,1,279,9,0.7,1504,28.6,12205,1,31.8,147.4
29,1985,1,267,11,0.7,1419,27.3,12414,1,31.8,147.4
29,1986,1,304,14,0.7,1412,13.9,12627,1,31.8,147.4
29,1987,1,306,13,0.7,1531,11,12844,1,31.8,147.4
29,1988,1,321,13,0.8,1552,13.9,13064,1,31.8,147.4
29,1989,1,338,14,0.9,1599,18.6,13288,1,31.8,147.4
29,1990,1,369,14,1,1495,10.4,13516,1,31.8,147.4
29,1991,1,390,14,1.1,1478,13.5,13748,1,31.8,147.4
29,1992,1,415,15,1.1,1510,12.7,13983,1,31.8,147.4
29,1993,1,417,17,1.1,1522,11.4,14223,1,31.8,147.4
29,1994,1,427,17,1.2,1506,12.8,14467,1,31.8,147.4
29,1995,1,431,14,1.2,1672,15.9,14715,1,31.8,147.4
30,1978,0,293,14,0.5,2851,31.8,12291,0,110.8,138.7
30,1979,0,301,13,0.6,2703,47.5,12526,0,110.8,138.7
30,1980,0,310,15,0.6,2859,47.5,12766,0,110.8,138.7
30,1981,0,315,12,0.7,2884,50,13010,0,110.8,138.7
30,1982,0,336,14,0.7,3006,34.1,13259,0,110.8,138.7
30,1983,0,343,15,0.7,3193,33,13513,0,110.8,138.7
30,1984,0,346,13,0.7,3236,46.3,13771,0,110.8,138.7
30,1985,0,373,15,0.8,3478,41.7,14035,0,110.8,138.7
30,1986,0,394,13,0.9,3731,43.6,14303,0,110.8,138.7
30,1987,0,380,16,0.8,3753,30,14577,0,110.8,138.7
30,1988,0,393,12,0.8,3870,31.5,14856,0,110.8,138.7
30,1989,0,432,18,0.9,3857,50.7,15140,0,110.8,138.7
30,1990,0,448,16,0.9,4076,39.5,15430,0,110.8,138.7
30,1991,0,485,18,1,4335,41.6,15725,0,110.8,138.7
30,1992,0,494,18,1.1,4219,39.3,16026,0,110.8,138.7
30,1993,0,507,18,1.1,4153,44.4,16333,0,110.8,138.7
30,1994,0,507,16,1.1,4480,37.3,16645,0,110.8,138.7
30,1995,0,522,24,1.1,4494,41.4,16964,0,110.8,138.7
31,1978,0,2608,116,7.8,7502,24.8,74301,1,65.3,153.6
31,1979,0,2832,127,9.4,7671,32.7,75645,1,65.3,153.6
31,1980,0,2814,127,8,7852,24,77014,1,65.3,153.6
31,1981,0,2945,128,8.3,7979,26.6,78407,1,65.3,153.6
31,1982,0,2894,131,8.1,7925,17.1,79826,1,65.3,153.6
31,1983,0,2879,106,8.1,8022,32,81270,1,65.3,153.6
31,1984,0,3109,111,8.7,8140,25.1,82741,1,65.3,153.6
31,1985,0,3202,147,8.8,7764,25.7,84237,1,65.3,153.6
31,1986,0,3268,175,9,8011,30.7,85762,1,65.3,153.6
31,1987,0,3483,193,8.7,8368,30.7,87313,1,65.3,153.6
31,1988,0,3531,143,9.4,8580,29.6,88893,1,65.3,153.6
31,1989,0,3600,167,10.1,9449,24.6,90501,1,65.3,153.6
31,1990,0,3994,145,11.4,9377,35.7,92139,1,65.3,153.6
31,1991,0,3940,137,11.8,10457,33.2,93806,1,65.3,153.6
31,1992,0,4325,188,12.3,10634,35.7,95503,1,65.3,153.6
31,1993,0,4278,182,12,10576,24.1,97231,1,65.3,153.6
31,1994,0,4256,165,12.5,10284,35.1,98990,1,65.3,153.6
31,1995,0,4672,181,14.8,10603,30.2,100781,1,65.3,153.6
32,1978,0,785,31,3.7,385,25.5,10848,0,49.5,86.2
32,1979,0,830,36,4.3,401,19.9,11024,0,49.5,86.2
32,1980,0,930,40,4.2,413,26,11202,0,49.5,86.2
32,1981,0,936,50,4.1,439,25.6,11384,0,49.5,86.2
32,1982,0,883,31,3.6,431,33.6,11568,0,49.5,86.2
32,1983,0,911,38,3.5,470,23.9,11756,0,49.5,86.2
32,1984,0,986,43,4.1,467,27.1,11946,0,49.5,86.2
32,1985,0,969,46,4.3,488,23,12139,0,49.5,86.2
32,1986,0,963,30,4.1,477,23.9,12336,0,49.5,86.2
32,1987,0,1042,51,4.2,511,26.1,12536,0,49.5,86.2
32,1988,0,1126,48,4.7,489,23.8,12739,0,49.5,86.2
32,1989,0,1206,47,5.2,520,30.4,12945,0,49.5,86.2
32,1990,0,1271,52,6,541,18.5,13155,0,49.5,86.2
32,1991,0,1288,63,5.8,524,23.1,13368,0,49.5,86.2
32,1992,0,1237,46,5.2,533,20.4,13584,0,49.5,86.2
32,1993,0,1318,55,5.5,533,20.8,13804,0,49.5,86.2
32,1994,0,1229,45,5.2,544,20.9,14028,0,49.5,86.2
32,1995,0,1273,39,5.4,570,32.2,14255,0,49.5,86.2
33,1978,0,293,13,0.8,1240,40.1,13205,0,110.5,35.7
33,1979,0,318,13,0.9,1168,44.7,13452,0,110.5,35.7
33,1980,0,330,15,0.9,1254,39.9,13703,0,110.5,35.7
33,1981,0,349,15,0.9,1424,32.3,13959,0,110.5,35.7
33,1982,0,365,18,1.1,1371,41.4,14220,0,110.5,35.7
33,1983,0,349,16,1,1433,53.6,14486,0,110.5,35.7
33,1984,0,349,14,1,1544,48.2,14756,0,110.5,35.7
33,1985,0,345,17,0.9,1674,47.9,15032,0,110.5,35.7
33,1986,0,356,16,1,1628,51,15313,0,110.5,35.7
33,1987,0,376,14,1,1641,40.4,15599,0,110.5,35.7
33,1988,0,401,16,1.1,1764,47.9,15890,0,110.5,35.7
33,1989,0,418,20,1.1,1791,32.5,16187,0,110.5,35.7
33,1990,0,450,17,1.1,1775,34.5,16490,0,110.5,35.7
33,1991,0,466,20,1.3,1783,32.3,16798,0,110.5,35.7
33,1992,0,485,21,1.3,1789,37.2,17112,0,110.5,35.7
33,1993,0,498,17,1.3,1920,42.7,17431,0,110.5,35.7
33,1994,0,546,19,1.5,1955,28,17757,0,110.5,35.7
33,1995,0,550,22,1.6,1939,49.5,18089,0,110.5,35.7
34,1978,0,1078,41,3.9,950,37.5,14362,0,131.5,18.4
34,1979,0,1162,47,4.1,1019,25.8,14616,0,131.5,18.4
34,1980,0,1138,55,4,995,33.3,14874,0,131.5,18.4
34,1981,0,1253,56,4.2,1066,22.3,15136,0,131.5,18.4
34,1982,0,1302,57,4.8,1026,21.8,15403,0,131.5,18.4
34,1983,0,1306,57,5.1,1005,25.5,15675,0,131.5,18.4
34,1984,0,1302,55,4.9,1086,31.7,15952,0,131.5,18.4
34,1985,0,1393,66,5.2,1107,30.2,16233,0,131.5,18.4
34,1986,0,1498,58,5.3,1181,28.6,16520,0,131.5,18.4
34,1987,0,1568,56,5.5,1165,35.6,16812,0,131.5,18.4
34,1988,0,1719,60,6.6,1262,19.7,17108,0,131.5,18.4
34,1989,0,1790,54,6.3,1365,35,17410,0,131.5,18.4
34,1990,0,1779,63,6.2,1303,21.4,17718,0,131.5,18.4
34,1991,0,1924,70,7.5,1292,29,18030,0,131.5,18.4
34,1992,0,1907,74,7.4,1367,28.3,18348,0,131.5,18.4
34,1993,0,2004,71,7.5,1423,28.2,18672,0,131.5,18.4
34,1994,0,1981,100,7.3,1473,29.9,19002,0,131.5,18.4
34,1995,0,2072,70,8,1422,25.2,19337,0,131.5,18.4
35,1978,0,443,20,1.2,868,32.2,15542,0,124.7,66.7
35,1979,0,466,18,1.4,958,45.1,15808,0,124.7,66.7
35,1980,0,487,24,1.5,1042,45.9,16080,0,124.7,66.7
35,1981,0,496,24,1.5,1085,51.8,16355,0,124.7,66.7
35,1982,0,487,19,1.4,1071,45,16636,0,124.7,66.7
35,1983,0,467,20,1.3,1091,32.6,16921,0,124.7,66.7
35,1984,0,453,18,1.3,1063,45.5,17212,0,124.7,66.7
35,1985,0,456,17,1.4,1076,40.8,17507,0,124.7,66.7
35,1986,0,507,17,1.6,1077,42.2,17807,0,124.7,66.7
35,1987,0,542,21,1.6,1145,42,18112,0,124.7,66.7
35,1988,0,565,23,1.6,1219,30.4,18423,0,124.7,66.7
35,1989,0,596,21,1.8,1330,33,18739,0,124.7,66.7
35,1990,0,656,22,2,1307,34.2,19061,0,124.7,66.7
35,1991,0,718,27,2.3,1417,33.2,19388,0,124.7,66.7
35,1992,0,715,26,2.4,1464,26.4,19720,0,124.7,66.7
35,1993,0,701,31,2.5,1409,33.8,20058,0,124.7,66.7
35,1994,0,685,27,2.4,1389,51.8,20402,0,124.7,66.7
35,1995,0,678,36,2.4,1391,42.3,20752,0,124.7,66.7
36,1978,0,208,9,0.3,9417,25,32466,0,121.4,87.9
36,1979,0,223,11,0.3,10088,23.1,33123,0,121.4,87.9
36,1980,0,231,10,0.3,10438,24.2,33792,0,121.4,87.9
36,1981,0,226,9,0.3,10744,20.1,34475,0,121.4,87.9
36,1982,0,226,8,0.3,11016,36,35172,0,121.4,87.9
36,1983,0,234,9,0.3,11031,25.4,35883,0,121.4,87.9
36,1984,0,228,9,0.3,11173,32.7,36609,0,121.4,87.9
36,1985,0,248,9,0.3,11349,31.4,37349,0,121.4,87.9
36,1986,0,253,12,0.4,12134,34.3,38104,0,121.4,87.9
36,1987,0,277,11,0.4,11904,34.4,38874,0,121.4,87.9
36,1988,0,301,12,0.4,11913,34.3,39660,0,121.4,87.9
36,1989,0,325,12,0.5,12653,33.1,40461,0,121.4,87.9
36,1990,0,351,13,0.5,13505,40.1,41279,0,121.4,87.9
36,1991,0,325,11,0.5,14167,30.8,42114,0,121.4,87.9
36,1992,0,303,12,0.4,13558,35.2,42965,0,121.4,87.9
36,1993,0,331,12,0.5,14188,30.2,43834,0,121.4,87.9
36,1994,0,358,15,0.5,14028,28.5,44720,0,121.4,87.9
36,1995,0,405,15,0.6,13722,34.7,45624,0,121.4,87.9
37,1978,1,801,33,1.8,3499,50.1,32757,1,21.9,71.9
37,1979,1,851,37,2.1,3587,32.8,33313,1,21.9,71.9
37,1980,1,894,36,2.1,3703,44.4,33878,1,21.9,71.9
37,1981,1,904,23,2.2,3950,33.1,34453,1,21.9,71.9
37,1982,1,894,44,2.5,3863,41.1,35037,1,21.9,71.9
37,1983,1,851,35,2.1,4198,33.9,35631,1,21.9,71.9
37,1984,1,847,37,2.2,4144,30.5,36236,1,21.9,71.9
37,1985,1,879,33,2,4455,33.5,36851,1,21.9,71.9
37,1986,1,909,31,2.3,4712,15.1,37476,1,21.9,71.9
37,1987,1,966,39,2.5,4648,8.9,38111,1,21.9,71.9
37,1988,1,1049,43,2.4,4481,14.1,38758,1,21.9,71.9
37,1989,1,1085,46,2.6,4731,14.3,39415,1,21.9,71.9
37,1990,1,1171,50,3,4449,12.5,40084,1,21.9,71.9
37,1991,1,1201,61,3,4449,11.7,40764,1,21.9,71.9
37,1992,1,1257,47,3,4459,11.4,41456,1,21.9,71.9
37,1993,1,1322,49,3.1,4585,13.3,42159,1,21.9,71.9
37,1994,1,1329,44,3.1,4652,8.6,42874,1,21.9,71.9
37,1995,1,1497,67,3.4,4571,10.2,43601,1,21.9,71.9
38,1978,1,197,7,0.3,9303,38.9,40162,0,25.8,98.1
38,1979,1,212,8,0.3,10393,20.7,40907,0,25.8,98.1
38,1980,1,219,8,0.3,10082,32.4,41666,0,25.8,98.1
38,1981,1,221,10,0.3,10646,40.2,42440,0,25.8,98.1
38,1982,1,217,9,0.3,11417,37.4,43227,0,25.8,98.1
38,1983,1,212,9,0.3,12478,30.8,44029,0,25.8,98.1
38,1984,1,217,9,0.3,11749,32.8,44846,0,25.8,98.1
38,1985,1,234,9,0.3,11253,42.8,45678,0,25.8,98.1
38,1986,1,252,9,0.3,12521,11.8,46526,0,25.8,98.1
38,1987,1,265,9,0.4,13469,16.2,47389,0,25.8,98.1
38,1988,1,301,12,0.4,13759,11.5,48268,0,25.8,98.1
38,1989,1,302,11,0.4,13522,17.9,49164,0,25.8,98.1
38,1990,1,332,14,0.4,14091,15.6,50076,0,25.8,98.1
38,1991,1,334,12,0.5,13165,15.1,51006,0,25.8,98.1
38,1992,1,362,13,0.6,12774,14.5,51952,0,25.8,98.1
38,1993,1,366,14,0.6,12700,19,52916,0,25.8,98.1
38,1994,1,385,12,0.7,13077,13.4,53898,0,25.8,98.1
38,1995,1,407,12,0.6,14799,15.9,54898,0,25.8,98.1
39,1978,1,11479,392,49.1,6928,35.4,150743,1,20.9,117.9
39,1979,1,11448,494,49.8,7793,24.9,153769,1,20.9,117.9
39,1980,1,12765,441,55.1,8021,33.6,156856,1,20.9,117.9
39,1981,1,14028,715,61.1,8444,28.3,160005,1,20.9,117.9
39,1982,1,13571,640,55.1,8381,39.3,163218,1,20.9,117.9
39,1983,1,13023,588,53.3,8666,24.9,166494,1,20.9,117.9
39,1984,1,12605,453,49.1,8327,33.3,169837,1,20.9,117.9
39,1985,1,13045,453,49.3,8896,45.1,173247,1,20.9,117.9
39,1986,1,14800,654,56.4,9030,15.3,176725,1,20.9,117.9
39,1987,1,15084,579,61.1,9076,11,180273,1,20.9,117.9
39,1988,1,14375,531,63.1,9344,8.2,183892,1,20.9,117.9
39,1989,1,15203,673,64.2,10245,12.2,187584,1,20.9,117.9
39,1990,1,16651,739,67.7,10053,11.2,191349,1,20.9,117.9
39,1991,1,16933,626,69.8,10650,15.7,195191,1,20.9,117.9
39,1992,1,18155,618,71.6,10941,14.9,199110,1,20.9,117.9
39,1993,1,19414,635,79.9,10716,12.7,203107,1,20.9,117.9
39,1994,1,22276,780,87.6,10329,11.2,207185,1,20.9,117.9
39,1995,1,25882,1023,109.6,11324,9.7,211344,1,20.9,117.9
40,1978,0,494,22,1.4,1793,30.9,24190,0,150.8,62.6
40,1979,0,531,20,1.4,1780,27.6,24671,0,150.8,62.6
40,1980,0,587,27,1.6,1900,34.6,25163,0,150.8,62.6
40,1981,0,595,24,1.7,1925,38.3,25664,0,150.8,62.6
40,1982,0,570,23,1.6,1982,36.1,26175,0,150.8,62.6
40,1983,0,585,31,1.6,2011,48.8,26696,0,150.8,62.6
40,1984,0,615,25,1.6,2144,40.1,27227,0,150.8,62.6
40,1985,0,669,27,1.9,2271,35.2,27769,0,150.8,62.6
40,1986,0,686,26,1.9,2295,44.8,28322,0,150.8,62.6
40,1987,0,700,28,2,2418,47.7,28886,0,150.8,62.6
40,1988,0,748,30,2.2,2500,39,29461,0,150.8,62.6
40,1989,0,708,28,2.1,2695,29.9,30048,0,150.8,62.6
40,1990,0,797,30,2.6,2719,49.6,30646,0,150.8,62.6
40,1991,0,841,43,2.6,2671,31.4,31257,0,150.8,62.6
40,1992,0,872,36,2.7,2747,36.9,31879,0,150.8,62.6
40,1993,0,817,34,2.3,2877,38.4,32514,0,150.8,62.6
40,1994,0,863,37,2.4,2804,37.6,33161,0,150.8,62.6
40,1995,0,849,36,2.2,3200,54.4,33821,0,150.8,62.6
41,1978,0,262,10,0.6,1882,28.8,15243,0,48.6,73.4
41,1979,0,267,10,0.6,1902,34.8,15523,0,48.6,73.4
41,1980,0,277,11,0.7,2062,37.6,15809,0,48.6,73.4
41,1981,0,301,10,0.7,2221,40.4,16099,0,48.6,73.4
41,1982,0,300,10,0.8,2060,37.9,16395,0,48.6,73.4
41,1983,0,314,13,0.8,2022,33.4,16696,0,48.6,73.4
41,1984,0,284,10,0.7,2051,37.5,17003,0,48.6,73.4
41,1985,0,285,11,0.6,2216,37.9,17315,0,48.6,73.4
41,1986,0,308,14,0.7,2425,40.7,17633,0,48.6,73.4
41,1987,0,322,11,0.8,2563,35.1,17957,0,48.6,73.4
41,1988,0,352,12,0.8,2492,30.2,18287,0,48.6,73.4
41,1989,0,365,17,0.9,2466,33,18623,0,48.6,73.4
41,1990,0,371,16,0.9,2602,37.5,18965,0,48.6,73.4
41,1991,0,376,17,1,2616,32.9,19314,0,48.6,73.4
41,1992,0,378,18,0.8,2727,36.5,19669,0,48.6,73.4
41,1993,0,406,15,0.8,2711,29.7,20030,0,48.6,73.4
41,1994,0,421,18,0.8,2979,21.9,20398,0,48.6,73.4
41,1995,0,428,14,0.9,2648,26.9,20773,0,48.6,73.4
42,1978,1,701,28,1.4,8790,35.3,43191,0,28.3,112.4
42,1979,1,755,31,1.5,9271,29.9,44026,0,28.3,112.4
42,1980,1,801,35,1.7,9760,29.5,44876,0,28.3,112.4
42,1981,1,843,31,1.7,9080,38,45744,0,28.3,112.4
42,1982,1,862,37,1.7,9156,28.5,46628,0,28.3,112.4
42,1983,1,880,40,1.7,10255,36.1,47529,0,28.3,112.4
42,1984,1,879,38,1.6,10478,32.6,48448,0,28.3,112.4
42,1985,1,881,30,1.7,10066,26.4,49384,0,28.3,112.4
42,1986,1,941,40,1.8,10777,12.1,50338,0,28.3,112.4
42,1987,1,1012,40,1.9,11617,13.2,51311,0,28.3,112.4
42,1988,1,1110,44,2,11700,12.9,52303,0,28.3,112.4
42,1989,1,1158,44,2.3,11999,20.6,53314,0,28.3,112.4
42,1990,1,1187,52,2.3,12164,10.2,54344,0,28.3,112.4
42,1991,1,1256,49,2.6,11476,11.2,55395,0,28.3,112.4
42,1992,1,1360,52,2.8,12113,14.1,56465,0,28.3,112.4
42,1993,1,1495,69,3,12631,20.2,57557,0,28.3,112.4
42,1994,1,1421,50,2.8,12915,12.4,58669,0,28.3,112.4
42,1995,1,1470,58,2.9,12845,11.5,59803,0,28.3,112.4
