hogar_id,Y,D,X
1,1089.3,0,98.97
2,679.72,1,34.22
3,811.25,0,78.53
4,570.33,1,1.32
5,617.02,1,2.25
6,1072.19,0,98.03
7,739.94,1,37.55
8,735.12,0,80.24
9,667.07,1,41.96
10,632.14,1,22.73
11,677.07,1,23.5
12,556.73,1,4.84
13,845.64,0,65.26
14,655.36,0,59.87
15,898.66,0,86.26
16,711.89,1,34.29
17,767.1,1,46.31
18,905.67,0,88.35
19,611.03,1,38.38
20,961.71,0,91.67
21,746.55,1,37.11
22,862.5,1,44.84
23,773.59,1,39.85
24,708.66,0,61.35
25,724.38,1,25.07
26,910.61,0,93.08
27,949.0,0,100.0
28,731.49,1,35.55
29,711.98,0,53.74
30,930.21,0,94.61
31,917.05,0,83.58
32,899.52,0,91.26
33,644.82,0,60.23
34,667.94,1,26.87
35,816.35,0,67.28
36,974.77,0,93.69
37,978.74,0,95.78
38,814.87,0,59.96
39,1055.87,0,95.98
40,628.63,1,28.73
41,798.53,0,76.41
42,968.68,0,85.48
43,740.75,0,56.18
44,821.0,0,76.85
45,878.15,0,79.23
46,682.67,1,31.62
47,618.13,1,6.88
48,736.91,1,44.73
49,795.7,1,42.55
50,579.73,1,7.57
51,647.27,1,3.7
52,860.52,0,79.97
53,751.79,1,38.95
54,944.77,0,91.01
55,771.94,0,54.16
56,614.94,1,15.32
57,826.95,1,49.26
58,653.43,1,28.19
59,758.85,1,44.1
60,764.33,0,60.61
61,752.1,1,10.62
62,783.38,0,67.45
63,741.62,1,29.36
64,645.48,1,30.08
65,787.62,0,75.56
66,970.06,0,89.79
67,620.7,1,2.54
68,965.16,0,89.07
69,620.01,1,2.14
70,979.49,0,94.18
71,808.47,0,68.37
72,847.75,0,75.24
73,848.8,0,66.5
74,706.11,1,29.5
75,974.17,0,98.64
76,723.1,0,65.26
77,600.42,1,4.73
78,610.57,1,31.23
79,695.97,1,12.83
80,843.51,0,65.78
81,717.33,0,60.03
82,1022.34,0,93.88
83,711.86,0,53.54
84,903.35,0,89.58
85,711.7,1,48.21
86,643.47,1,7.3
87,797.22,0,60.27
88,846.65,0,82.25
89,754.85,0,63.74
90,1028.44,0,92.6
91,751.23,1,49.18
92,771.79,0,68.5
93,744.03,1,39.56
94,908.18,0,93.83
95,683.34,1,18.51
96,703.62,1,19.77
97,574.5,1,7.73
98,799.58,1,47.13
99,710.74,1,17.59
100,614.74,1,12.21
101,685.97,0,61.93
102,559.63,1,15.97
103,922.94,0,92.07
104,767.06,0,65.56
105,707.46,1,24.31
106,944.04,0,88.04
107,600.26,1,16.54
108,901.53,0,80.35
109,565.18,1,5.0
110,863.86,0,67.07
111,753.16,1,20.41
112,763.14,0,68.59
113,782.98,0,74.83
114,840.8,0,81.2
115,986.74,0,98.35
116,957.89,0,99.2
117,785.6,0,73.95
118,636.33,1,14.72
119,753.85,1,35.3
120,695.4,1,28.99
121,637.05,1,3.53
122,795.52,0,60.9
123,838.07,0,74.09
124,683.48,0,64.46
125,650.93,1,18.28
126,899.53,0,84.35
127,895.94,0,98.12
128,720.09,0,56.34
129,680.52,1,2.95
130,612.36,1,18.81
131,559.72,1,3.36
132,621.72,0,56.26
133,676.53,1,31.71
134,757.39,0,74.37
135,729.41,0,70.88
136,742.36,1,36.57
137,756.96,1,46.01
138,594.07,0,60.1
139,858.08,0,88.36
140,832.82,0,72.73
141,827.14,0,78.57
142,885.0,0,78.62
143,675.42,1,7.48
144,628.02,1,7.86
145,687.31,1,3.81
146,792.08,0,73.45
147,649.45,0,55.58
148,688.5,0,58.03
149,518.0,1,0.02
150,694.07,1,40.96
151,678.64,1,29.79
152,608.37,1,24.43
153,638.6,1,23.49
154,625.45,1,27.56
155,576.71,1,5.51
156,606.15,1,30.9
157,657.91,0,55.4
158,590.56,1,10.11
159,922.75,0,90.84
160,594.52,1,18.89
161,989.84,0,98.89
162,608.76,1,1.49
163,840.61,0,88.79
164,679.42,1,34.5
165,784.59,0,82.01
166,803.47,0,71.27
167,595.75,1,4.16
168,687.29,1,28.09
169,915.52,0,74.78
170,688.3,1,35.8
171,810.01,0,66.26
172,681.58,1,8.19
173,859.37,0,84.45
174,666.69,0,51.21
175,828.17,0,76.52
176,694.78,0,67.37
177,604.17,0,51.16
178,845.05,1,49.73
179,836.59,0,76.89
180,732.6,1,39.29
181,742.07,1,42.29
182,849.49,0,81.47
183,820.21,0,71.05
184,683.73,1,19.53
185,681.87,1,17.27
186,781.61,0,63.45
187,616.86,1,11.98
188,854.93,0,72.61
189,651.03,1,23.95
190,707.87,1,37.12
191,694.44,1,10.41
192,634.78,1,18.46
193,676.18,1,36.97
194,666.23,1,21.55
195,888.64,0,88.84
196,638.85,1,32.82
197,776.35,0,55.6
198,838.52,0,86.31
199,713.33,1,39.92
200,631.51,1,16.69
201,686.64,1,33.57
202,810.18,0,74.02
203,829.14,0,69.27
204,710.91,1,33.86
205,824.96,0,73.28
206,737.77,1,44.04
207,703.41,1,31.15
208,743.72,0,56.94
209,681.47,1,27.5
210,754.19,0,62.04
211,939.29,0,96.62
212,936.75,0,95.23
213,673.56,1,10.07
214,628.39,1,26.77
215,637.44,1,24.76
216,579.65,1,8.94
217,995.59,0,96.03
218,809.06,0,50.54
219,825.85,0,73.87
220,916.09,0,88.95
221,777.7,0,74.66
222,707.2,1,36.04
223,730.03,1,24.15
224,749.37,1,35.7
225,638.73,1,5.52
226,544.02,1,7.2
227,945.53,0,96.32
228,582.59,1,20.08
229,959.74,0,99.99
230,624.94,1,2.93
231,759.57,0,52.32
232,674.02,1,15.72
233,808.28,1,39.11
234,693.34,1,30.62
235,552.19,1,4.27
236,776.55,1,29.85
237,644.68,1,1.85
238,735.34,1,35.71
239,652.78,1,4.02
240,692.93,0,58.76
241,790.66,0,75.27
242,803.42,0,80.51
243,679.43,1,27.67
244,742.36,0,65.9
245,845.29,0,78.53
246,841.71,0,64.35
247,592.56,1,24.48
248,743.63,1,47.61
249,761.06,1,35.92
250,758.82,0,57.57
251,848.43,0,82.14
252,781.3,0,78.25
253,670.23,1,19.75
254,708.99,1,40.03
255,689.92,1,19.11
256,743.2,1,48.09
257,718.33,1,37.61
258,827.06,0,79.51
259,805.63,1,38.09
260,732.61,1,38.59
261,771.71,0,62.68
262,867.66,0,91.0
263,625.05,1,0.63
264,721.98,0,67.75
265,563.76,1,6.9
266,632.95,1,13.93
267,977.72,0,98.03
268,845.05,0,84.06
269,579.41,1,13.69
270,712.7,1,48.44
271,721.67,1,15.24
272,880.72,0,78.49
273,917.86,0,90.79
274,681.67,1,33.12
275,630.8,1,4.37
276,678.87,0,57.11
277,675.71,1,6.56
278,910.8,0,95.71
279,742.17,1,34.4
280,632.94,1,35.35
281,788.2,0,66.9
282,879.02,0,86.28
283,680.39,1,19.24
284,615.31,1,5.1
285,750.72,0,66.74
286,715.04,1,46.88
287,622.33,1,17.53
288,702.58,1,23.61
289,787.34,0,54.88
290,630.74,1,17.27
291,988.72,0,95.52
292,643.31,1,36.02
293,685.14,1,12.22
294,666.53,1,9.88
295,803.39,1,36.11
296,748.29,0,54.24
297,573.71,1,11.2
298,776.8,1,49.79
299,913.01,0,81.31
300,814.31,0,75.79
301,779.8,0,61.82
302,667.35,1,9.9
303,656.41,1,9.38
304,675.9,1,24.81
305,634.09,0,52.05
306,579.21,1,7.32
307,701.94,1,12.17
308,652.94,1,4.27
309,812.93,0,66.49
310,768.31,0,67.37
311,719.54,0,52.62
312,644.04,1,20.47
313,799.29,1,44.75
314,662.39,1,29.4
315,599.16,1,19.31
316,854.09,0,84.84
317,650.91,1,18.32
318,757.6,1,34.14
319,682.67,1,35.52
320,711.97,0,74.39
321,720.62,1,30.92
322,854.22,0,73.99
323,586.75,1,10.96
324,640.05,1,29.01
325,991.76,0,91.48
326,684.6,0,70.94
327,778.64,1,47.71
328,663.17,1,27.53
329,664.03,0,50.66
330,574.12,1,15.71
331,594.66,1,5.89
332,725.75,1,16.72
333,827.03,0,87.11
334,598.03,1,1.01
335,705.15,1,30.08
336,688.58,1,19.73
337,719.36,0,56.61
338,846.84,0,83.79
339,773.69,0,66.75
340,611.06,1,8.61
341,942.73,0,98.59
342,691.14,1,26.94
343,790.43,0,61.23
344,668.46,0,54.82
345,855.51,0,85.19
346,969.79,0,96.75
347,651.98,1,22.52
348,798.9,0,64.17
349,894.85,0,82.38
350,669.12,1,20.59
351,828.86,0,62.48
352,912.4,0,84.26
353,806.35,0,78.64
354,982.07,0,84.1
355,598.45,1,17.18
356,764.6,1,42.99
357,997.52,0,93.5
358,1124.37,0,98.4
359,619.23,1,16.81
360,920.85,0,84.68
361,882.08,0,75.06
362,692.91,1,43.51
363,693.43,0,66.75
364,800.47,1,44.71
365,907.98,0,84.07
366,647.85,1,37.69
367,686.1,1,21.08
368,846.57,0,75.2
369,669.82,1,9.1
370,674.35,0,61.38
371,688.17,1,14.36
372,790.64,0,76.77
373,762.93,0,67.01
374,523.88,1,11.61
375,867.84,0,72.09
376,661.63,1,29.67
377,862.55,0,79.73
378,789.97,0,76.27
379,700.14,0,58.26
380,606.72,1,7.35
381,709.86,0,64.16
382,981.81,0,96.15
383,871.72,0,79.17
384,899.63,0,82.79
385,814.5,0,63.13
386,700.64,1,28.88
387,619.89,1,22.89
388,772.98,0,81.08
389,964.14,0,87.57
390,708.69,0,51.02
391,837.67,0,76.41
392,677.56,1,28.0
393,1023.24,0,94.94
394,619.68,1,13.95
395,651.88,1,22.32
396,996.62,0,99.21
397,652.53,1,23.24
398,895.65,0,90.5
399,574.28,1,16.86
400,724.4,0,69.98
401,913.74,0,78.21
402,586.97,1,29.2
403,574.06,1,0.13
404,556.2,1,11.51
405,763.21,0,58.37
406,822.8,0,79.52
407,719.78,1,40.5
408,860.18,0,85.47
409,818.78,0,65.75
410,873.05,0,89.43
411,965.83,0,90.17
412,535.34,1,13.46
413,605.04,1,15.78
414,647.29,1,43.9
415,737.18,1,43.99
416,920.43,0,91.05
417,949.97,0,96.46
418,867.03,0,87.44
419,698.03,1,17.56
420,721.21,0,61.3
421,943.42,0,86.54
422,740.88,1,39.52
423,550.64,1,25.51
424,892.09,0,82.04
425,730.29,0,53.94
426,677.42,1,18.04
427,614.03,1,13.24
428,654.74,1,34.84
429,678.67,0,54.48
430,769.07,0,60.03
431,599.5,1,12.56
432,585.42,1,23.42
433,867.76,0,85.23
434,655.69,1,35.66
435,757.73,0,59.86
436,652.1,1,4.31
437,776.53,0,66.69
438,698.72,0,64.65
439,801.51,0,76.35
440,614.2,1,18.34
441,808.64,1,45.23
442,602.03,1,5.44
443,852.18,0,76.0
444,818.5,1,40.67
445,675.14,1,45.89
446,707.02,1,3.27
447,942.9,0,80.49
448,766.96,1,25.16
449,766.05,1,39.9
450,690.22,1,39.57
451,756.03,1,40.03
452,727.34,1,30.48
453,704.51,0,55.65
454,827.74,0,79.25
455,563.32,1,10.99
456,652.25,1,14.33
457,767.22,0,70.65
458,778.57,0,71.8
459,924.02,0,82.0
460,817.72,0,73.84
461,705.98,0,71.13
462,920.65,0,95.38
463,666.75,1,4.57
464,682.73,1,47.95
465,627.46,0,60.99
466,956.88,0,86.26
467,678.59,0,50.92
468,724.08,0,53.7
469,919.6,0,76.19
470,684.52,1,25.63
471,718.6,0,69.6
472,889.66,0,92.2
473,641.04,1,14.61
474,684.53,0,62.26
475,892.79,1,40.75
476,865.15,0,83.42
477,647.32,1,22.8
478,982.54,0,90.97
479,822.34,0,66.52
480,742.54,1,37.11
481,607.63,1,12.37
482,810.06,0,69.24
483,627.48,0,52.83
484,801.1,0,68.49
485,664.78,1,24.16
486,701.62,1,29.85
487,635.84,1,19.46
488,864.02,0,86.37
489,726.57,1,45.72
490,796.73,0,64.69
491,762.25,1,47.28
492,729.04,1,23.86
493,737.69,0,70.17
494,801.61,0,78.46
495,804.13,0,64.64
496,624.04,1,3.9
497,727.61,0,64.9
498,608.86,1,9.48
499,598.65,1,13.88
500,642.04,1,11.92
501,637.67,1,1.16
502,1009.39,0,95.13
503,588.33,1,9.34
504,596.93,1,5.05
505,780.0,0,72.71
506,764.41,0,73.52
507,623.69,1,22.48
508,593.51,1,7.93
509,726.44,1,41.94
510,628.77,1,24.52
511,912.65,0,86.75
512,663.58,1,24.24
513,624.95,1,9.06
514,900.06,0,84.04
515,707.12,1,25.46
516,621.7,1,7.71
517,699.19,0,56.77
518,732.8,1,47.0
519,545.03,1,10.06
520,767.05,0,66.67
521,932.75,0,91.83
522,816.21,0,71.88
523,763.71,0,73.35
524,957.69,0,93.56
525,1030.39,0,96.89
526,644.57,1,31.26
527,619.7,1,21.63
528,764.91,0,73.09
529,1026.14,0,98.66
530,805.65,1,45.51
531,912.8,0,90.61
532,665.05,1,28.07
533,618.88,1,24.67
534,905.91,0,78.82
535,633.47,1,10.56
536,905.35,0,79.33
537,833.87,0,81.97
538,882.29,0,85.54
539,622.3,1,7.26
540,608.28,1,19.11
541,679.93,0,54.12
542,603.23,1,0.23
543,759.28,0,70.96
544,800.99,0,66.75
545,748.04,0,55.16
546,801.12,1,41.04
547,600.65,1,18.29
548,950.07,0,95.82
549,609.96,1,7.61
550,686.18,1,41.89
551,731.71,1,38.38
552,829.68,0,72.26
553,687.17,1,11.26
554,627.59,0,51.4
555,727.2,1,34.85
556,869.33,0,91.54
557,830.12,0,71.88
558,602.58,1,0.63
559,957.67,0,86.35
560,695.67,1,42.38
561,560.59,1,11.04
562,791.46,0,72.63
563,852.64,0,79.91
564,770.62,1,45.44
565,702.76,1,20.11
566,841.45,0,86.04
567,753.41,0,62.99
568,623.7,1,6.64
569,727.06,0,57.08
570,803.79,0,62.99
571,660.42,0,50.58
572,711.84,0,54.73
573,849.03,0,75.86
574,659.21,0,62.73
575,631.33,1,0.52
576,568.58,1,18.55
577,668.74,1,19.3
578,629.45,1,28.36
579,879.23,0,72.44
580,592.27,1,2.74
581,850.86,0,66.62
582,797.86,0,84.61
583,645.93,1,25.52
584,660.69,1,17.88
585,761.03,1,36.04
586,648.28,1,8.35
587,947.66,0,95.19
588,546.16,1,1.93
589,979.31,0,89.65
590,886.59,0,74.17
591,737.32,0,60.06
592,781.76,0,75.26
593,764.83,0,62.26
594,752.93,0,67.44
595,670.15,0,66.01
596,731.93,0,60.91
597,668.82,1,25.79
598,904.26,0,78.82
599,701.38,1,16.41
600,787.67,1,49.98
601,681.42,0,53.38
602,783.0,1,44.54
603,944.44,0,95.38
604,728.57,0,58.62
605,709.42,0,59.7
606,981.94,0,92.89
607,708.62,1,44.54
608,778.6,0,78.49
609,885.17,0,86.32
610,806.23,1,38.45
611,715.7,1,28.67
612,911.15,0,95.33
613,860.94,0,83.52
614,726.77,1,30.63
615,866.9,0,75.55
616,703.64,1,15.11
617,726.47,1,42.57
618,735.06,1,34.35
619,697.01,0,65.22
620,790.61,0,61.58
621,751.86,1,44.81
622,720.51,1,34.53
623,853.83,0,80.08
624,580.31,1,2.31
625,697.85,1,23.35
626,854.14,0,77.96
627,856.76,0,77.06
628,616.29,1,10.12
629,809.33,0,69.08
630,753.59,0,70.65
631,703.71,0,53.93
632,818.71,0,73.82
633,1009.68,0,98.44
634,864.65,0,75.67
635,1002.69,0,99.92
636,643.28,0,51.48
637,624.22,1,13.75
638,594.85,1,24.12
639,927.95,0,88.29
640,512.7,1,17.76
641,588.6,1,0.18
642,836.48,0,82.45
643,633.0,1,4.15
644,645.63,0,52.66
645,870.3,0,88.38
646,687.64,1,31.02
647,720.98,0,52.02
648,917.96,0,85.31
649,680.68,1,6.72
650,647.43,1,21.37
651,711.34,1,26.84
652,721.09,1,40.32
653,750.74,1,36.59
654,690.59,1,38.49
655,888.88,0,79.72
656,759.25,1,42.69
657,727.58,0,55.15
658,666.19,1,29.08
659,811.91,0,59.03
660,934.11,0,92.34
661,877.21,0,82.69
662,698.86,1,32.55
663,611.83,1,15.6
664,750.36,1,43.27
665,994.51,0,99.16
666,756.89,1,46.78
667,775.92,1,48.7
668,625.73,1,33.12
669,648.62,0,53.64
670,966.06,0,97.22
671,452.2,1,4.36
672,747.15,0,60.89
673,595.53,1,1.22
674,634.88,1,17.58
675,726.24,1,23.98
676,765.22,0,65.21
677,637.71,1,27.04
678,792.13,1,48.11
679,623.97,1,22.5
680,640.09,0,50.72
681,921.8,0,89.26
682,589.03,1,4.88
683,641.62,1,25.93
684,672.66,1,38.67
685,641.64,0,55.13
686,783.47,1,47.26
687,633.72,0,64.89
688,898.21,0,72.28
689,683.54,1,41.44
690,829.56,1,48.62
691,517.76,1,6.06
692,757.32,1,46.06
693,660.92,1,25.37
694,654.89,0,51.22
695,776.13,0,70.71
696,956.8,0,93.76
697,635.23,1,11.25
698,582.82,1,22.16
699,803.33,0,74.25
700,686.51,1,21.23
701,819.54,1,40.29
702,793.17,1,38.81
703,714.96,1,40.61
704,794.65,0,84.1
705,678.58,0,65.87
706,755.68,1,40.77
707,663.82,1,44.04
708,1022.98,0,96.14
709,600.94,1,6.33
710,576.13,1,24.31
711,702.07,1,34.22
712,629.65,1,2.72
713,748.38,1,48.58
714,787.1,1,43.39
715,679.25,1,8.49
716,750.64,1,45.39
717,878.65,0,91.23
718,637.5,1,12.58
719,666.98,1,2.51
720,632.55,1,12.44
721,853.34,0,88.21
722,741.19,1,27.37
723,567.29,1,25.38
724,573.38,1,10.33
725,634.62,1,25.06
726,695.7,0,54.09
727,672.51,1,46.4
728,928.9,0,94.05
729,680.22,1,30.31
730,786.21,0,70.64
731,700.38,1,31.68
732,580.75,1,2.57
733,920.5,0,97.27
734,601.14,1,2.67
735,573.31,1,1.75
736,597.15,1,2.92
737,680.53,0,53.07
738,752.4,0,59.31
739,727.28,1,28.0
740,614.96,0,53.17
741,684.16,1,25.34
742,822.44,0,85.07
743,668.05,1,35.91
744,663.89,0,56.24
745,727.67,0,64.47
746,814.78,0,77.32
747,755.8,1,22.79
748,956.09,0,91.38
749,709.28,1,38.83
750,833.02,0,78.61
751,736.77,1,32.99
752,815.48,0,78.73
753,625.06,1,9.72
754,692.69,0,66.16
755,662.75,1,19.64
756,929.27,0,83.64
757,791.4,0,68.58
758,666.08,1,29.81
759,687.88,0,53.62
760,943.63,0,89.69
761,911.71,0,82.36
762,610.59,1,11.86
763,894.98,0,84.95
764,862.18,0,71.88
765,697.0,0,55.24
766,601.25,1,5.55
767,1002.21,0,96.11
768,738.62,0,53.43
769,961.31,0,93.46
770,750.88,0,55.28
771,861.2,0,78.13
772,703.86,1,27.94
773,630.79,0,51.18
774,591.12,1,34.13
775,668.8,1,10.81
776,675.34,1,24.24
777,759.22,1,43.06
778,685.16,0,53.48
779,613.47,1,0.52
780,768.5,0,70.66
781,749.99,1,46.46
782,681.78,1,28.02
783,629.68,1,1.94
784,741.94,1,37.31
785,841.24,0,73.05
786,645.28,1,8.45
787,977.21,0,96.85
788,815.97,0,84.63
789,772.57,0,58.12
790,762.53,0,63.46
791,764.72,1,35.62
792,721.23,1,31.01
793,680.74,1,37.6
794,935.37,0,89.65
795,984.96,0,95.89
796,845.55,0,88.09
797,622.79,1,8.82
798,694.01,1,34.81
799,781.04,0,74.42
800,811.58,0,73.36
801,655.63,1,7.03
802,920.18,0,91.08
803,777.95,0,59.88
804,649.75,1,0.6
805,760.19,1,23.94
806,683.34,0,55.27
807,631.9,1,26.34
808,706.86,0,72.36
809,747.98,0,60.9
810,1018.14,0,97.09
811,715.46,1,38.78
812,736.06,1,39.34
813,831.79,0,85.81
814,640.84,1,2.44
815,756.82,1,41.99
816,632.33,1,44.81
817,856.89,0,92.35
818,743.0,0,55.36
819,731.92,0,53.31
820,788.14,1,48.76
821,823.44,0,77.31
822,716.53,0,60.37
823,701.38,1,29.05
824,623.73,1,3.65
825,774.85,0,60.65
826,765.06,1,30.94
827,669.41,1,34.87
828,768.65,1,41.8
829,981.87,0,90.44
830,554.88,1,5.55
831,830.6,0,79.85
832,986.86,0,84.56
833,971.95,0,93.93
834,801.14,0,69.94
835,729.19,1,13.73
836,731.96,0,74.9
837,681.34,1,29.91
838,735.21,1,44.21
839,849.19,0,65.04
840,739.32,0,65.31
841,830.8,0,87.3
842,678.43,1,18.53
843,825.07,0,63.27
844,691.4,0,51.83
845,883.16,0,71.7
846,549.75,1,5.67
847,738.27,0,63.91
848,672.46,1,33.29
849,705.02,0,59.31
850,864.45,0,73.95
851,1012.29,0,91.27
852,752.37,0,63.25
853,993.99,0,89.14
854,670.92,1,18.54
855,822.72,1,48.65
856,887.93,0,75.91
857,807.37,1,37.61
858,707.24,1,31.32
859,980.2,0,97.59
860,766.34,1,42.71
861,683.85,0,51.07
862,681.84,1,33.67
863,549.3,1,16.05
864,958.04,0,88.85
865,921.63,0,83.71
866,826.31,0,96.17
867,831.09,0,73.78
868,681.22,1,14.13
869,1001.48,0,96.68
870,749.49,1,37.35
871,670.29,1,31.65
872,658.04,1,3.77
873,691.69,1,32.06
874,705.47,0,78.95
875,794.48,1,47.81
876,597.57,1,12.13
877,912.66,0,92.96
878,944.41,0,91.11
879,666.45,1,25.67
880,890.29,0,84.54
881,754.49,1,40.16
882,756.88,1,39.89
883,703.41,1,37.14
884,656.69,1,33.94
885,776.76,0,78.42
886,808.73,0,75.95
887,822.39,0,67.43
888,718.48,0,64.5
889,760.96,0,64.33
890,684.23,0,55.37
891,839.34,0,80.58
892,767.17,1,41.7
893,682.69,1,25.8
894,616.16,1,12.8
895,720.69,1,32.12
896,590.15,1,18.85
897,776.2,0,76.88
898,635.06,1,47.66
899,857.49,0,88.11
900,644.92,1,17.64
901,980.32,0,91.29
902,756.68,0,63.14
903,795.93,0,65.97
904,730.5,1,45.59
905,586.69,1,13.8
906,622.16,1,15.86
907,782.68,1,43.53
908,673.08,1,28.2
909,642.13,0,57.27
910,757.69,0,74.56
911,837.08,0,65.7
912,756.96,0,69.11
913,713.36,1,21.29
914,661.0,1,40.7
915,773.29,0,63.05
916,753.76,1,46.28
917,759.92,0,76.2
918,586.29,1,20.85
919,698.85,1,19.14
920,635.56,1,19.86
921,694.4,1,2.79
922,877.72,0,83.69
923,584.23,1,2.27
924,893.62,0,78.83
925,673.3,1,34.44
926,751.89,1,34.19
927,924.88,0,83.44
928,796.09,1,48.86
929,754.34,0,69.83
930,683.68,1,20.03
931,691.89,0,59.19
932,841.28,1,47.54
933,725.32,0,60.49
934,712.59,1,32.39
935,746.19,1,44.03
936,773.99,0,60.37
937,867.85,0,75.18
938,736.04,1,27.25
939,749.72,0,51.31
940,786.25,0,66.16
941,614.31,0,53.37
942,712.35,1,28.71
943,566.99,1,17.95
944,574.25,0,52.23
945,976.4,0,93.49
946,635.53,1,14.91
947,552.15,1,14.83
948,835.85,0,86.94
949,661.73,1,4.23
950,766.69,0,72.6
951,716.81,0,57.54
952,730.59,1,37.64
953,756.67,1,47.58
954,908.39,0,86.7
955,720.56,0,53.92
956,569.48,1,14.72
957,740.47,0,64.83
958,592.03,1,27.79
959,878.14,0,88.62
960,938.08,0,85.0
961,807.08,0,66.19
962,826.11,0,75.19
963,618.51,1,28.35
964,632.97,1,2.03
965,732.18,1,40.97
966,663.43,1,28.84
967,670.14,1,30.8
968,911.28,0,95.95
969,1012.42,0,91.16
970,692.28,1,31.45
971,708.38,1,42.16
972,859.43,0,92.88
973,832.55,1,47.03
974,892.66,0,88.06
975,889.97,0,83.1
976,796.53,0,71.27
977,857.23,0,68.79
978,657.16,1,13.68
979,771.6,0,82.46
980,880.05,0,80.94
981,599.22,1,11.71
982,696.58,0,69.06
983,558.06,1,22.56
984,714.44,0,73.11
985,816.69,1,33.1
986,673.96,1,30.44
987,705.44,1,16.39
988,863.02,0,73.0
989,771.79,1,12.92
990,769.25,0,73.46
991,692.54,1,22.5
992,761.45,1,31.52
993,760.2,0,65.36
994,665.01,1,7.74
995,664.66,0,59.59
996,622.87,1,18.87
997,684.48,0,57.66
998,901.13,0,94.73
999,617.41,1,9.52
1000,776.77,1,47.48
1001,591.78,1,2.34
1002,635.78,0,51.34
1003,615.78,1,16.3
1004,724.43,1,40.53
1005,729.77,0,54.57
1006,651.93,1,10.7
1007,805.93,0,70.43
1008,688.58,1,20.69
1009,831.18,0,74.75
1010,719.87,1,10.49
1011,719.6,0,59.27
1012,682.95,1,28.72
1013,613.15,1,9.71
1014,741.02,1,28.38
1015,730.9,0,52.71
1016,767.67,0,62.45
1017,767.89,0,65.52
1018,938.73,0,87.37
1019,801.94,0,71.75
1020,761.21,0,67.16
1021,620.39,1,18.14
1022,776.37,1,47.73
1023,744.91,1,47.87
1024,779.12,0,73.86
1025,954.7,0,96.93
1026,936.48,0,91.33
1027,721.19,1,25.27
1028,742.33,0,57.71
1029,809.83,1,49.45
1030,817.56,0,81.01
1031,635.99,1,35.37
1032,612.27,1,22.6
1033,723.3,1,44.35
1034,764.15,1,40.27
1035,604.45,1,17.69
1036,733.31,1,28.49
1037,778.57,1,44.6
1038,673.45,1,42.98
1039,701.95,1,28.23
1040,642.12,1,3.13
1041,905.63,0,78.45
1042,739.3,0,50.82
1043,705.29,0,64.72
1044,608.47,1,9.41
1045,653.88,1,2.47
1046,717.93,1,46.15
1047,760.35,1,39.82
1048,751.6,1,45.85
1049,503.63,1,12.55
1050,825.85,0,66.99
1051,815.94,0,64.72
1052,722.76,1,44.41
1053,692.27,0,55.88
1054,746.23,0,56.45
1055,614.57,1,13.4
1056,929.47,0,98.37
1057,1073.33,0,97.59
1058,958.9,0,94.27
1059,583.49,1,10.52
1060,757.89,0,76.61
1061,761.97,0,69.94
1062,836.41,0,74.9
1063,588.54,1,2.16
1064,713.83,1,28.93
1065,786.92,1,39.98
1066,927.68,0,84.67
1067,933.03,0,88.55
1068,718.07,0,55.2
1069,918.47,0,73.35
1070,816.4,0,77.47
1071,574.14,1,4.21
1072,705.31,0,64.28
1073,747.26,0,73.97
1074,699.39,1,13.3
1075,775.35,1,15.11
1076,758.48,0,60.52
1077,705.56,0,52.11
1078,675.76,0,50.84
1079,740.83,0,61.59
1080,701.36,0,56.77
1081,638.11,1,28.09
1082,641.96,0,60.21
1083,719.24,0,77.95
1084,738.46,1,46.09
1085,712.33,1,37.34
1086,706.78,1,34.95
1087,1088.01,0,96.66
1088,1003.45,0,94.88
1089,594.8,1,10.99
1090,1028.16,0,97.53
1091,765.53,0,71.49
1092,700.02,1,38.89
1093,694.23,1,34.47
1094,685.43,0,54.52
1095,559.61,1,16.25
1096,798.6,0,71.47
1097,634.31,1,6.3
1098,900.74,0,87.12
1099,669.62,1,43.38
1100,988.09,0,88.88
1101,901.53,0,85.13
1102,609.55,1,4.15
1103,624.13,1,11.41
1104,760.68,0,62.09
1105,571.19,1,17.77
1106,621.27,1,22.36
1107,710.57,1,19.03
1108,890.36,0,84.41
1109,664.2,1,44.65
1110,667.94,1,24.25
1111,770.91,0,57.76
1112,856.21,1,49.76
1113,856.31,1,47.5
1114,520.3,1,8.25
1115,640.61,1,11.34
1116,692.77,1,26.59
1117,934.73,0,78.78
1118,713.19,1,13.27
1119,1034.1,0,86.91
1120,883.03,1,46.58
1121,773.33,0,71.68
1122,667.72,0,61.9
1123,628.84,1,35.57
1124,718.9,1,44.65
1125,661.39,1,39.15
1126,555.06,1,20.23
1127,852.74,0,83.44
1128,832.68,0,74.26
1129,667.48,1,31.73
1130,695.67,1,40.78
1131,671.31,1,23.52
1132,696.04,0,57.66
1133,699.28,0,55.26
1134,756.04,1,47.34
1135,719.5,1,32.39
1136,679.99,1,14.48
1137,952.67,0,94.07
1138,823.92,1,46.29
1139,854.43,0,70.34
1140,670.19,1,49.13
1141,562.34,1,20.61
1142,608.82,1,5.91
1143,901.52,0,87.08
1144,864.19,0,85.62
1145,703.96,1,19.76
1146,721.37,1,26.08
1147,813.7,1,42.46
1148,609.66,1,16.95
1149,723.24,0,59.06
1150,776.68,0,64.48
1151,745.08,0,54.5
1152,544.04,1,1.07
1153,638.62,1,26.2
1154,683.02,1,37.65
1155,763.7,1,34.21
1156,568.39,1,4.99
1157,635.87,1,4.16
1158,663.23,1,16.65
1159,607.69,1,4.2
1160,848.82,0,85.28
1161,743.41,1,31.62
1162,801.19,0,69.34
1163,727.97,0,53.27
1164,897.55,0,95.19
1165,629.64,1,27.38
1166,812.94,0,78.76
1167,840.39,0,81.47
1168,633.76,1,16.77
1169,838.6,0,87.97
1170,825.25,0,79.19
1171,713.17,1,25.83
1172,773.51,1,46.17
1173,717.13,0,60.65
1174,855.13,0,77.53
1175,913.08,0,85.18
1176,742.68,1,36.93
1177,616.95,1,35.27
1178,636.46,1,11.7
1179,607.09,1,29.2
1180,802.78,1,41.03
1181,672.46,1,6.98
1182,657.02,1,26.69
1183,854.11,0,72.63
1184,865.32,0,72.08
1185,880.0,0,80.77
1186,611.81,1,11.61
1187,825.28,0,75.29
1188,672.62,1,25.01
1189,666.71,0,54.78
1190,770.37,0,66.64
1191,653.87,0,67.39
1192,616.21,1,6.08
1193,881.59,0,70.64
1194,644.64,1,31.57
1195,784.01,0,62.8
1196,555.08,1,13.04
1197,779.78,0,55.5
1198,712.37,0,70.04
1199,664.82,1,39.56
1200,764.0,1,44.84
1201,861.4,0,88.99
1202,869.6,0,79.7
1203,785.78,0,68.62
1204,569.24,1,26.15
1205,643.25,1,11.84
1206,696.31,1,34.05
1207,897.98,0,83.94
1208,629.85,1,18.1
1209,790.97,1,49.37
1210,601.84,1,12.23
1211,755.97,1,21.7
1212,706.58,1,34.94
1213,639.84,1,10.73
1214,813.43,1,45.67
1215,749.47,1,38.63
1216,680.42,1,31.81
1217,620.37,1,13.57
1218,835.47,0,77.2
1219,925.12,0,72.56
1220,610.31,1,20.19
1221,946.01,0,86.96
1222,630.31,1,2.33
1223,532.83,1,12.85
1224,972.08,0,97.69
1225,575.27,1,10.92
1226,744.43,1,22.44
1227,916.36,0,80.74
1228,625.2,1,16.66
1229,817.74,0,79.65
1230,681.48,1,48.54
1231,934.14,0,96.45
1232,692.03,1,35.59
1233,632.51,1,12.45
1234,745.22,1,45.06
1235,820.64,0,73.35
1236,772.27,0,63.9
1237,929.79,0,88.98
1238,751.44,1,30.13
1239,874.81,0,81.41
1240,724.15,0,69.27
1241,686.33,1,8.49
1242,698.39,1,30.91
1243,672.45,1,31.24
1244,958.23,0,94.94
1245,737.31,0,60.54
1246,732.52,1,41.5
1247,679.12,1,15.52
1248,726.85,1,43.99
1249,702.83,1,36.69
1250,850.33,1,42.89
1251,692.54,1,4.47
1252,828.27,0,54.67
1253,668.42,1,7.9
1254,543.65,1,3.0
1255,674.83,0,62.12
1256,1038.1,0,97.03
1257,762.8,1,38.34
1258,753.65,0,76.95
1259,973.31,0,97.63
1260,843.35,0,76.56
1261,943.93,0,90.16
1262,999.18,0,91.06
1263,767.27,1,31.35
1264,832.43,0,87.85
1265,856.2,0,87.81
1266,680.31,1,23.56
1267,726.04,0,58.75
1268,862.73,0,72.61
1269,976.77,0,98.68
1270,691.14,0,60.38
1271,693.05,1,37.73
1272,590.4,1,9.16
1273,635.75,1,19.14
1274,883.68,0,76.96
1275,410.55,1,11.43
1276,622.7,1,30.28
1277,794.61,1,47.97
1278,653.63,0,50.12
1279,760.09,1,37.15
1280,756.35,1,42.35
1281,713.81,0,53.97
1282,738.86,0,69.81
1283,583.34,1,22.96
1284,657.79,1,38.85
1285,903.43,0,91.27
1286,764.99,0,74.33
1287,581.75,1,12.93
1288,558.6,1,15.51
1289,667.21,1,15.43
1290,688.11,1,36.95
1291,749.27,1,39.8
1292,695.1,1,10.45
1293,809.79,1,46.27
1294,1006.43,0,98.27
1295,805.91,0,62.08
1296,600.59,1,2.44
1297,782.91,1,48.02
1298,814.83,0,72.69
1299,641.18,1,2.02
1300,742.1,0,53.69
1301,727.93,1,10.73
1302,855.91,0,61.95
1303,568.05,1,1.44
1304,744.66,0,58.41
1305,804.75,0,65.48
1306,976.96,0,96.43
1307,713.75,0,65.4
1308,594.62,0,53.44
1309,675.06,0,52.35
1310,626.07,1,1.32
1311,649.85,1,11.16
1312,798.38,0,80.69
1313,601.31,1,19.34
1314,943.28,0,87.9
1315,689.89,1,31.48
1316,622.11,1,10.01
1317,570.53,1,4.9
1318,749.96,1,40.32
1319,880.18,0,86.06
1320,678.21,1,28.31
1321,1081.13,0,96.02
1322,713.42,0,72.51
1323,786.3,0,60.87
1324,789.36,0,51.38
1325,841.13,0,73.43
1326,733.92,0,54.64
1327,696.58,0,50.3
1328,807.18,0,73.82
1329,902.65,0,83.93
1330,944.02,0,96.64
1331,612.18,1,1.15
1332,660.24,1,21.22
1333,655.12,1,32.79
1334,761.19,0,70.87
1335,858.47,0,76.44
1336,792.52,1,49.28
1337,585.78,1,6.09
1338,602.69,1,0.55
1339,700.33,0,53.95
1340,700.84,0,51.64
1341,808.38,0,72.67
1342,871.84,0,76.31
1343,712.16,0,73.09
1344,925.58,0,80.06
1345,845.54,0,81.88
1346,733.76,1,42.0
1347,850.63,0,86.59
1348,624.49,1,21.01
1349,910.81,0,92.36
1350,1002.7,0,96.7
1351,637.39,1,16.42
1352,667.87,1,8.72
1353,851.64,0,77.0
1354,621.18,1,21.05
1355,785.56,0,68.13
1356,1048.86,0,98.76
1357,698.62,0,60.65
1358,717.91,1,26.01
1359,769.38,0,63.16
1360,736.0,1,18.32
1361,983.35,0,87.57
1362,645.67,1,26.49
1363,834.55,0,92.51
1364,756.98,0,57.31
1365,1027.35,0,94.33
1366,601.87,1,6.78
1367,724.04,0,58.52
1368,701.36,0,65.54
1369,772.17,1,43.57
1370,613.05,1,7.0
1371,961.84,0,93.94
1372,679.75,1,22.94
1373,838.76,0,74.45
1374,770.23,1,26.5
1375,781.56,0,71.15
1376,723.43,0,62.85
1377,676.49,1,32.69
1378,666.48,1,18.59
1379,658.39,1,34.85
1380,635.72,1,18.05
1381,1029.29,0,97.59
1382,983.89,0,96.46
1383,894.22,0,82.86
1384,791.34,0,71.62
1385,951.06,0,97.56
1386,927.0,0,84.94
1387,592.92,1,12.14
1388,800.21,1,42.64
1389,754.75,0,65.48
1390,756.21,0,74.03
1391,459.32,1,11.44
1392,571.85,1,3.63
1393,867.25,0,86.38
1394,651.13,0,50.77
1395,597.75,1,5.97
1396,832.71,0,60.53
1397,624.83,1,19.05
1398,582.26,1,4.1
1399,546.01,1,7.78
1400,480.09,1,4.6
1401,718.25,1,37.09
1402,665.04,0,64.79
1403,993.94,0,87.61
1404,899.66,0,98.66
1405,593.73,1,26.8
1406,729.52,0,68.45
1407,737.78,1,22.45
1408,631.17,1,24.98
1409,728.04,1,36.06
1410,710.76,1,29.38
1411,816.06,1,42.1
1412,728.86,1,29.75
1413,620.16,1,7.69
1414,701.8,1,18.77
1415,944.32,0,96.57
1416,855.71,0,83.79
1417,815.01,1,47.36
1418,628.66,1,6.33
1419,1005.46,0,99.38
1420,751.11,0,70.83
1421,622.43,1,7.32
1422,664.4,1,14.05
1423,575.01,1,15.39
1424,695.2,0,52.04
1425,698.89,0,56.85
1426,668.66,1,6.14
1427,615.44,1,13.92
1428,742.08,0,66.33
1429,731.36,0,67.82
1430,665.02,0,59.04
1431,971.08,0,97.22
1432,698.23,0,63.79
1433,803.56,1,49.03
1434,698.74,0,64.85
1435,684.37,1,27.82
1436,723.02,1,32.67
1437,845.37,0,89.28
1438,1079.0,0,94.5
1439,713.88,0,50.71
1440,633.17,1,5.56
1441,752.53,0,56.31
1442,997.79,0,94.92
1443,767.36,1,40.24
1444,758.93,0,74.88
1445,728.95,1,44.05
1446,639.82,1,10.6
1447,665.39,1,16.72
1448,610.02,1,9.76
1449,918.14,0,92.28
1450,653.68,1,12.23
1451,595.41,1,14.48
1452,672.82,1,32.31
1453,1016.75,0,97.64
1454,988.84,0,96.52
1455,900.57,0,84.26
1456,602.33,1,19.85
1457,682.38,0,57.74
1458,929.94,0,94.22
1459,639.35,1,11.09
1460,853.91,0,89.46
1461,767.66,0,66.95
1462,818.06,0,86.14
1463,666.32,0,56.85
1464,663.54,1,16.68
1465,707.79,0,55.62
1466,826.24,0,79.77
1467,726.09,1,15.99
1468,785.97,1,37.55
1469,630.71,1,9.18
1470,681.24,0,50.62
1471,744.48,0,55.84
1472,667.71,1,9.48
1473,1009.26,0,94.66
1474,839.34,0,78.28
1475,998.54,0,97.44
1476,740.19,0,69.0
1477,864.46,0,74.82
1478,643.57,1,24.44
1479,753.52,1,41.32
1480,847.41,0,82.58
1481,819.36,0,76.05
1482,901.27,0,90.26
1483,889.79,0,80.87
1484,757.64,0,56.82
1485,910.82,0,91.89
1486,731.07,0,64.85
1487,706.93,0,62.67
1488,938.08,0,95.94
1489,706.6,1,35.55
1490,680.63,1,33.26
1491,931.32,0,92.37
1492,738.8,0,70.36
1493,686.89,1,18.99
1494,541.72,1,0.56
1495,611.79,1,18.08
1496,644.75,1,31.06
1497,982.16,0,84.96
1498,1017.26,0,94.81
1499,638.88,0,51.19
1500,643.8,0,60.15
1501,588.57,1,16.5
1502,594.36,1,21.1
1503,986.94,0,88.96
1504,961.32,0,94.1
1505,590.88,1,0.18
1506,1045.52,0,95.86
1507,671.6,0,58.29
1508,661.16,1,0.0
1509,865.7,0,81.43
1510,736.22,1,46.9
1511,743.27,1,18.31
1512,960.27,0,95.26
1513,697.27,1,2.16
1514,599.36,1,10.98
1515,957.49,0,90.48
1516,656.23,1,14.3
1517,754.64,0,62.01
1518,757.09,0,60.94
1519,723.54,1,35.85
1520,864.25,0,68.98
1521,670.97,1,8.98
1522,841.43,0,76.45
1523,591.68,1,4.0
1524,696.57,0,64.83
1525,759.25,0,66.41
1526,695.88,0,66.41
1527,917.34,0,85.87
1528,787.05,0,63.8
1529,676.43,0,55.83
1530,680.24,1,39.18
1531,843.89,0,73.31
1532,665.59,1,11.64
1533,534.66,1,21.97
1534,620.26,1,19.93
1535,627.66,1,4.82
1536,804.95,0,62.4
1537,796.1,1,40.94
1538,727.16,0,72.93
1539,589.85,1,1.08
1540,733.69,1,45.15
1541,1046.41,0,95.91
1542,876.34,0,79.35
1543,835.03,0,96.94
1544,855.15,0,74.15
1545,893.26,0,86.3
1546,725.88,0,57.07
1547,798.58,1,49.18
1548,719.93,0,56.1
1549,724.55,1,32.98
1550,723.0,1,21.31
1551,765.98,1,36.28
1552,736.24,0,71.81
1553,621.87,1,2.33
1554,745.66,0,71.36
1555,715.61,0,67.63
1556,546.46,1,20.36
1557,914.61,0,93.55
1558,638.61,1,35.8
1559,658.32,1,21.54
1560,705.0,0,62.14
1561,1000.15,0,98.34
1562,1020.62,0,93.73
1563,768.46,0,54.05
1564,727.74,1,45.84
1565,927.65,0,84.32
1566,683.48,1,43.12
1567,940.4,0,84.29
1568,852.38,0,81.44
1569,638.98,0,57.25
1570,961.24,0,97.13
1571,771.65,1,43.64
1572,554.9,1,16.07
1573,595.99,1,12.47
1574,792.16,0,78.32
1575,657.37,1,34.62
1576,563.72,1,20.1
1577,680.65,0,63.58
1578,764.27,1,48.16
1579,670.04,0,53.14
1580,660.12,1,39.73
1581,705.85,1,45.55
1582,614.4,1,6.7
1583,982.47,0,99.78
1584,952.03,0,98.97
1585,821.94,0,65.74
1586,738.08,1,47.12
1587,409.98,1,0.22
1588,783.23,0,78.11
1589,624.76,1,17.26
1590,717.74,1,41.73
1591,594.94,1,2.26
1592,760.26,0,69.6
1593,1033.9,0,97.31
1594,627.63,1,22.5
1595,878.65,0,76.49
1596,697.77,0,66.1
1597,896.35,0,90.9
1598,1002.27,0,96.39
1599,888.66,0,88.09
1600,1069.95,0,94.03
1601,682.64,1,28.92
1602,905.34,0,97.13
1603,573.22,1,1.79
1604,860.65,1,45.4
1605,660.61,1,38.67
1606,775.72,0,65.09
1607,810.38,0,72.89
1608,737.44,1,41.93
1609,902.96,0,91.94
1610,932.51,0,94.18
1611,570.65,1,0.6
1612,560.94,1,5.4
1613,484.6,1,1.51
1614,722.13,1,32.72
1615,1006.31,0,85.06
1616,778.15,0,62.17
1617,792.25,1,45.77
1618,959.97,0,96.18
1619,720.76,1,25.28
1620,776.96,0,67.61
1621,640.67,1,24.11
1622,614.98,1,1.23
1623,825.07,0,79.05
1624,998.45,0,90.81
1625,621.39,0,56.59
1626,710.25,1,43.8
1627,694.44,1,49.47
1628,709.0,1,27.1
1629,821.31,0,85.61
1630,889.55,0,84.85
1631,788.12,0,64.9
1632,857.66,0,86.61
1633,612.61,1,7.95
1634,789.84,1,46.23
1635,736.76,0,51.53
1636,671.71,0,51.21
1637,674.4,1,18.11
1638,704.38,1,33.64
1639,654.22,1,10.91
1640,858.45,0,86.99
1641,699.21,1,19.23
1642,883.69,0,83.18
1643,735.03,0,62.97
1644,873.23,0,82.18
1645,568.17,1,14.84
1646,780.46,0,52.88
1647,870.55,0,81.2
1648,665.74,1,22.45
1649,752.91,1,39.47
1650,796.59,1,45.11
1651,707.57,1,39.05
1652,541.96,1,10.13
1653,868.15,0,81.46
1654,665.84,1,12.05
1655,793.51,1,49.07
1656,683.7,1,40.46
1657,889.73,0,91.73
1658,619.87,1,14.08
1659,783.2,1,45.84
1660,630.39,1,0.74
1661,774.93,0,61.65
1662,677.6,1,18.98
1663,874.59,0,85.23
1664,611.58,1,6.35
1665,682.14,1,26.55
1666,834.19,0,71.34
1667,662.39,1,20.29
1668,892.87,0,93.48
1669,581.76,1,7.71
1670,931.47,0,94.31
1671,831.95,0,80.63
1672,832.34,0,87.07
1673,673.16,1,27.74
1674,621.99,0,57.28
1675,831.13,0,92.06
1676,776.16,0,63.61
1677,910.3,0,90.65
1678,962.06,0,87.81
1679,870.0,0,95.85
1680,710.9,1,20.84
1681,798.05,1,41.63
1682,953.35,0,98.38
1683,704.33,0,60.61
1684,867.75,0,72.16
1685,831.45,0,92.78
1686,698.45,0,60.14
1687,741.48,1,28.52
1688,524.71,1,9.14
1689,850.96,0,81.45
1690,971.38,0,93.12
1691,682.54,0,58.27
1692,697.4,1,32.67
1693,564.5,1,1.4
1694,656.96,1,25.47
1695,690.33,1,39.64
1696,818.68,0,68.33
1697,517.12,1,10.79
1698,549.52,1,15.22
1699,933.92,0,82.7
1700,606.45,1,21.54
1701,623.62,1,11.45
1702,886.05,0,74.92
1703,641.02,1,16.24
1704,731.74,1,32.62
1705,718.99,0,56.9
1706,740.26,1,6.14
1707,662.05,1,23.86
1708,964.56,0,93.75
1709,732.15,0,56.69
1710,887.93,0,76.0
1711,852.9,0,74.05
1712,862.68,0,72.26
1713,642.13,1,34.19
1714,864.63,0,85.5
1715,843.79,0,73.82
1716,762.19,0,66.73
1717,787.2,1,37.9
1718,745.46,1,26.76
1719,824.98,0,62.2
1720,727.08,0,60.04
1721,623.57,1,3.24
1722,631.61,1,18.95
1723,601.49,1,0.95
1724,649.07,1,21.74
1725,685.23,1,43.04
1726,1000.79,0,93.38
1727,593.29,1,3.59
1728,789.25,0,70.15
1729,760.08,1,33.47
1730,695.68,0,51.69
1731,817.15,0,74.17
1732,968.65,0,96.95
1733,724.15,1,34.95
1734,768.34,1,43.93
1735,613.13,1,9.18
1736,738.81,1,31.96
1737,570.6,1,4.92
1738,488.72,1,4.81
1739,787.09,1,38.66
1740,623.29,1,28.34
1741,664.78,0,59.83
1742,601.04,1,5.64
1743,903.41,0,90.81
1744,702.45,1,38.24
1745,932.39,0,83.19
1746,782.26,0,78.17
1747,604.28,1,15.34
1748,742.54,1,32.4
1749,855.81,1,45.62
1750,723.21,0,63.59
1751,853.46,0,88.67
1752,809.09,0,75.87
1753,774.38,1,32.04
1754,639.77,0,51.86
1755,819.41,0,72.22
1756,865.29,1,47.13
1757,541.73,1,2.43
1758,852.63,0,80.78
1759,761.61,1,36.83
1760,611.06,1,0.06
1761,925.34,0,92.02
1762,751.1,0,72.17
1763,772.86,1,40.3
1764,807.29,0,62.39
1765,873.08,0,81.76
1766,792.12,1,46.98
1767,814.58,0,74.38
1768,833.2,0,79.12
1769,693.49,1,7.95
1770,584.18,1,12.18
1771,684.11,1,11.99
1772,765.5,1,41.71
1773,577.66,1,16.91
1774,758.51,1,33.9
1775,697.64,1,44.41
1776,714.91,1,43.82
1777,585.74,1,17.36
1778,924.78,0,85.47
1779,706.48,1,35.71
1780,687.26,0,62.93
1781,824.88,0,88.17
1782,823.11,0,79.27
1783,873.95,0,89.68
1784,635.07,1,17.77
1785,572.81,1,23.7
1786,627.93,0,55.16
1787,763.27,1,42.45
1788,659.51,1,7.57
1789,934.72,0,68.9
1790,603.37,1,9.61
1791,587.18,1,16.42
1792,863.02,0,82.51
1793,770.82,1,43.57
1794,683.11,1,12.56
1795,651.19,1,7.65
1796,926.52,0,95.51
1797,736.33,1,37.98
1798,729.31,1,25.48
1799,680.73,0,62.38
1800,844.57,0,63.65
1801,798.51,0,71.6
1802,823.42,0,80.83
1803,622.73,1,8.84
1804,955.22,0,85.66
1805,951.03,0,89.74
1806,624.74,1,2.88
1807,509.85,1,17.39
1808,611.17,1,28.32
1809,893.44,0,88.91
1810,683.46,0,64.78
1811,680.9,0,51.24
1812,611.56,0,52.3
1813,691.22,1,43.95
1814,674.47,1,27.47
1815,567.65,1,12.72
1816,653.35,0,59.96
1817,820.39,1,43.35
1818,673.06,0,50.44
1819,816.13,1,35.36
1820,688.98,1,34.0
1821,703.44,1,40.94
1822,796.56,0,86.04
1823,658.79,1,27.67
1824,945.79,0,92.64
1825,892.53,0,92.15
1826,740.12,1,29.73
1827,685.94,1,19.47
1828,644.4,1,26.43
1829,667.79,1,8.16
1830,567.17,1,0.48
1831,651.47,1,35.36
1832,727.44,1,20.0
1833,1089.78,0,97.64
1834,600.47,1,27.15
1835,734.27,1,43.83
1836,978.14,0,93.71
1837,976.66,0,96.91
1838,935.51,0,90.01
1839,970.0,0,89.17
1840,865.87,0,79.39
1841,623.73,1,10.13
1842,933.56,0,89.93
1843,682.32,1,28.21
1844,673.86,0,53.87
1845,749.66,1,42.72
1846,764.93,1,41.58
1847,747.28,0,73.05
1848,731.19,1,46.34
1849,532.55,1,1.79
1850,845.13,0,69.98
1851,838.75,0,82.73
1852,653.74,1,17.71
1853,943.61,0,89.8
1854,646.75,1,23.86
1855,820.4,0,79.77
1856,642.44,0,52.43
1857,764.79,1,49.89
1858,923.3,0,93.07
1859,902.66,0,94.36
1860,716.73,0,53.07
1861,588.97,1,27.0
1862,740.76,1,36.44
1863,693.79,0,58.68
1864,784.79,0,59.37
1865,977.03,0,97.08
1866,737.16,0,64.53
1867,875.44,0,68.29
1868,753.08,0,76.0
1869,738.98,1,39.08
1870,972.84,0,89.27
1871,642.6,1,4.39
1872,826.97,0,87.0
1873,647.57,1,32.61
1874,706.6,0,62.32
1875,715.21,0,51.42
1876,1003.47,0,98.13
1877,668.38,0,60.07
1878,736.66,1,30.82
1879,957.93,0,97.44
1880,814.64,1,41.18
1881,927.26,0,92.93
1882,691.02,1,24.37
1883,657.76,1,12.02
1884,755.09,0,74.57
1885,753.4,0,60.13
1886,633.7,1,0.32
1887,736.16,0,54.9
1888,694.78,1,26.59
1889,726.17,1,10.6
1890,641.26,1,14.35
1891,539.75,1,3.48
1892,607.75,1,20.94
1893,556.45,1,18.48
1894,711.75,0,64.68
1895,667.14,0,61.79
1896,937.3,0,87.07
1897,759.1,1,47.11
1898,718.97,0,62.24
1899,857.18,0,93.59
1900,839.06,0,75.91
1901,690.04,1,18.12
1902,668.53,1,29.75
1903,724.54,1,22.23
1904,648.1,1,8.51
1905,1096.23,0,99.97
1906,732.72,1,27.36
1907,711.86,1,32.32
1908,843.24,0,85.2
1909,676.42,1,35.71
1910,774.33,0,70.9
1911,713.88,1,39.96
1912,670.49,1,33.36
1913,839.59,0,75.82
1914,649.45,1,16.1
1915,857.9,0,80.67
1916,537.86,1,10.08
1917,749.3,0,73.73
1918,693.79,1,18.3
1919,782.87,0,68.49
1920,724.88,0,62.44
1921,853.92,0,86.68
1922,843.09,0,71.74
1923,638.38,1,17.63
1924,741.78,0,52.55
1925,992.26,0,98.07
1926,742.45,0,72.0
1927,975.4,0,81.29
1928,601.03,1,11.45
1929,643.25,1,14.2
1930,724.32,1,46.43
1931,904.39,0,72.94
1932,720.6,0,54.57
1933,771.71,0,64.45
1934,712.78,1,18.77
1935,646.7,0,59.5
1936,780.58,0,53.74
1937,781.65,0,62.88
1938,770.32,1,40.83
1939,804.39,1,47.28
1940,701.47,0,51.98
1941,616.8,1,1.82
1942,800.22,0,67.78
1943,579.51,1,20.94
1944,691.39,1,21.29
1945,684.88,1,31.93
1946,717.11,1,36.23
1947,687.62,1,4.56
1948,749.53,0,61.1
1949,963.52,0,94.17
1950,647.33,0,64.62
1951,628.67,1,22.64
1952,901.66,0,97.19
1953,608.83,1,7.89
1954,683.01,1,35.82
1955,804.7,0,84.8
1956,849.45,0,75.14
1957,642.71,1,15.14
1958,691.75,1,22.96
1959,709.0,0,54.04
1960,617.2,1,3.07
1961,742.0,0,62.36
1962,738.75,1,41.39
1963,714.34,0,59.09
1964,729.74,1,12.96
1965,808.79,0,76.16
1966,714.74,1,39.62
1967,741.59,1,49.64
1968,1003.31,0,89.89
1969,758.05,1,32.52
1970,809.78,0,61.31
1971,855.03,0,80.72
1972,712.48,1,28.95
1973,906.79,0,79.17
1974,842.32,0,75.0
1975,652.02,1,14.96
1976,736.45,0,69.07
1977,659.75,1,22.97
1978,672.94,1,14.13
1979,924.6,0,85.78
1980,570.59,1,5.39
1981,703.93,1,6.13
1982,933.93,0,83.46
1983,667.29,1,20.1
1984,709.3,1,28.52
1985,817.43,0,76.08
1986,742.52,1,21.11
1987,552.26,1,4.66
1988,687.85,1,9.68
1989,664.28,0,60.41
1990,742.2,1,37.05
1991,898.21,0,88.38
1992,670.04,1,36.19
1993,965.48,0,97.66
1994,659.53,1,26.57
1995,663.55,1,9.24
1996,699.14,0,63.44
1997,628.31,1,15.31
1998,673.98,1,6.46
1999,822.44,1,48.7
2000,1010.83,0,94.76
