hogar_id,Y,D,W
1,619.55,0,0.4087
2,453.34,0,-0.5742
3,506.37,0,0.3768
4,565.86,1,0.0165
5,646.89,1,0.4428
6,604.21,0,-0.3739
7,321.02,0,-1.707
8,379.57,0,-0.9841
9,599.59,0,0.5638
10,639.19,0,1.5214
11,590.54,1,-0.8732
12,414.05,0,-1.22
13,456.18,0,-0.5007
14,494.3,0,-0.1251
15,610.94,0,0.544
16,756.65,1,0.6053
17,470.9,0,-1.22
18,507.49,0,-0.9475
19,479.07,0,0.0001
20,468.02,0,-0.284
21,759.31,1,2.643
22,719.07,1,1.2504
23,495.64,0,-0.2647
24,735.53,1,1.0341
25,549.54,0,0.5954
26,660.29,0,0.9366
27,544.76,1,0.2969
28,668.23,1,1.0846
29,430.76,0,0.4969
30,412.47,0,-0.0861
31,607.19,1,0.5217
32,453.55,0,-0.5901
33,507.04,0,0.119
34,649.62,0,0.5192
35,275.91,0,-2.111
36,467.16,0,-0.7533
37,326.36,0,-0.0044
38,635.88,1,0.8735
39,670.44,1,1.3698
40,631.43,1,0.9053
41,366.14,0,-0.8011
42,604.44,1,-0.0279
43,447.89,0,-1.5787
44,697.26,1,1.3859
45,745.04,1,0.8248
46,423.99,0,-1.0468
47,469.8,0,0.1565
48,357.37,0,-0.8437
49,612.39,1,0.0602
50,711.96,1,1.3568
51,418.17,0,-1.4709
52,612.74,1,0.8923
53,509.41,1,-0.4929
54,485.48,0,-0.6413
55,553.83,1,0.7273
56,680.26,1,0.8028
57,467.17,0,-0.1681
58,489.51,0,-0.3091
59,673.42,1,0.3148
60,582.99,0,0.5473
61,362.52,0,-0.9977
62,515.9,0,-0.3017
63,428.58,0,-0.9065
64,621.56,1,-0.3633
65,526.02,0,-0.1288
66,551.22,0,1.082
67,836.75,1,1.4611
68,490.36,0,-1.1153
69,652.66,1,0.8198
70,468.93,0,0.0322
71,675.76,0,1.7231
72,508.41,0,-0.222
73,436.62,0,-0.7359
74,414.1,0,-0.5622
75,483.72,0,0.0704
76,398.4,0,-1.3267
77,638.58,1,-0.3793
78,259.11,0,-2.1388
79,483.96,0,-0.5619
80,523.52,0,0.2129
81,535.12,0,0.2063
82,395.84,0,-1.5585
83,503.05,0,0.0271
84,771.05,1,1.6526
85,425.19,0,-0.6424
86,530.89,0,0.6783
87,671.84,1,0.5889
88,487.04,0,-0.2177
89,739.35,1,1.742
90,541.09,0,0.0912
91,580.34,0,-0.0037
92,394.46,0,-0.2254
93,573.66,1,-0.0428
94,746.82,1,2.6576
95,425.44,0,-1.1699
96,364.78,0,-1.2814
97,768.26,1,3.3897
98,623.98,0,0.9597
99,667.84,1,0.2424
100,649.63,0,1.433
101,674.03,1,1.0621
102,597.71,1,0.4051
103,632.48,1,0.7818
104,413.14,0,-0.7303
105,399.72,0,-1.3161
106,707.76,1,0.8352
107,349.89,0,-1.5197
108,657.85,1,1.6971
109,660.55,1,0.5945
110,356.0,0,-1.0618
111,491.05,0,0.0589
112,504.78,0,0.1963
113,460.48,0,-0.5966
114,491.47,0,-0.2012
115,740.92,1,0.9523
116,468.69,0,-0.7508
117,718.86,1,0.6954
118,454.83,0,-0.4699
119,623.08,0,0.9152
120,602.14,1,-0.0808
121,540.02,0,0.6715
122,464.87,0,-0.3709
123,664.59,1,0.948
124,456.69,0,-1.216
125,549.44,0,-0.3945
126,708.74,1,1.1154
127,678.16,1,0.3722
128,311.1,0,-0.8971
129,715.09,1,1.2479
130,464.97,1,-1.0326
131,608.35,0,0.6696
132,779.99,1,1.5837
133,616.12,1,0.4543
134,633.77,1,0.1277
135,482.4,0,-0.8446
136,523.57,0,0.5754
137,528.33,0,0.4913
138,505.03,0,-0.0401
139,694.48,1,1.0662
140,501.1,0,-0.763
141,497.92,0,-0.5054
142,590.07,1,0.1414
143,704.1,1,0.4813
144,570.56,0,-0.7541
145,632.33,0,1.2518
146,609.78,1,0.8759
147,427.94,0,-0.7291
148,510.3,0,-0.1269
149,721.36,1,1.5126
150,378.63,0,-0.3111
151,619.68,1,-0.1129
152,641.24,1,1.3056
153,496.15,0,-0.4
154,624.98,1,0.3085
155,519.57,0,1.3106
156,626.45,0,0.971
157,714.19,1,1.2485
158,702.34,1,0.9991
159,632.61,1,1.5447
160,594.07,1,-0.4795
161,551.83,0,1.1862
162,367.41,0,-1.4435
163,584.46,1,0.0321
164,379.2,0,-1.4396
165,435.78,0,-0.6407
166,737.7,1,1.2671
167,479.37,0,0.1104
168,483.44,0,-0.3635
169,585.68,0,0.2384
170,717.58,1,1.1053
171,766.0,1,2.4258
172,652.33,1,1.182
173,618.43,0,1.3965
174,668.09,1,0.7565
175,466.11,0,0.68
176,489.6,0,-0.9891
177,516.8,0,-0.1654
178,722.41,1,1.3449
179,557.27,0,0.2279
180,466.3,0,-0.208
181,376.85,0,-1.3808
182,666.45,1,0.1001
183,414.89,0,-0.6347
184,649.75,1,-0.2164
185,522.74,0,0.04
186,609.48,1,0.535
187,457.38,0,-1.079
188,511.67,0,-0.7167
189,425.51,0,0.1421
190,583.47,0,0.5152
191,685.04,1,1.0976
192,559.22,1,-0.1787
193,413.93,0,-0.7355
194,541.44,0,0.9461
195,473.84,0,-0.5913
196,609.32,1,-0.0797
197,511.27,0,0.111
198,549.74,0,0.7606
199,403.9,0,-0.5509
200,468.23,0,0.1321
201,577.36,0,0.0042
202,557.99,0,0.5229
203,513.56,0,-0.3678
204,534.28,0,-0.7708
205,496.45,0,0.4444
206,414.24,0,-0.0058
207,499.15,0,-0.1849
208,498.48,0,0.219
209,431.6,0,-1.453
210,500.59,0,-0.3106
211,593.45,0,0.038
212,503.62,1,-0.7097
213,468.7,0,-0.6364
214,683.93,1,0.0872
215,724.39,1,2.25
216,524.03,0,1.0258
217,232.1,0,-2.7144
218,386.77,0,-1.7386
219,426.39,0,-0.4251
220,493.04,0,-0.5584
221,351.87,0,-1.4434
222,548.26,1,-0.7918
223,452.73,0,-1.0034
224,695.6,1,1.0047
225,585.91,0,0.8156
226,547.38,0,0.3336
227,745.48,1,1.461
228,339.99,0,-1.7787
229,591.17,1,0.0835
230,166.2,0,-3.3451
231,637.43,1,0.4884
232,719.78,1,1.2712
233,397.78,0,-0.2305
234,601.22,1,0.4209
235,419.97,0,-0.5248
236,684.58,1,1.2959
237,533.77,0,-0.0004
238,377.58,0,-1.3903
239,470.19,0,-0.4002
240,411.69,0,-1.3702
241,809.26,1,2.3215
242,786.88,1,1.5329
243,675.39,1,0.649
244,591.77,1,0.1736
245,670.17,1,1.0556
246,341.53,0,-1.1075
247,437.49,0,-0.2464
248,741.95,1,1.5731
249,493.31,0,0.6418
250,633.58,0,-0.3939
251,521.62,1,-0.7744
252,579.03,0,0.2164
253,678.5,1,1.1456
254,399.17,0,-1.1744
255,723.79,1,0.9575
256,448.23,0,-0.0436
257,667.17,1,1.1421
258,590.28,0,0.2148
259,553.0,0,1.0649
260,447.22,0,-1.3323
261,464.75,0,0.0833
262,484.61,1,-1.0089
263,818.51,1,1.3701
264,469.47,0,0.199
265,624.55,1,0.174
266,792.81,1,1.793
267,704.69,1,1.4048
268,483.68,0,-0.9514
269,620.78,1,0.3157
270,395.81,0,-0.8886
271,804.48,1,1.6756
272,592.14,1,-0.0136
273,439.98,0,-0.6176
274,676.16,1,1.399
275,606.95,0,0.9041
276,438.66,0,0.174
277,507.34,0,-0.0886
278,456.2,0,-0.3643
279,601.35,0,0.7863
280,468.1,0,0.0268
281,790.66,1,1.89
282,463.21,0,0.204
283,625.13,0,0.7628
284,610.98,0,0.3713
285,510.26,0,-0.1956
286,481.56,0,0.3593
287,414.3,0,-0.7072
288,466.0,0,0.2594
289,519.75,0,0.3878
290,480.74,0,0.4779
291,691.86,1,0.8216
292,509.02,0,0.3413
293,582.52,1,0.3399
294,476.43,0,-0.8011
295,619.89,1,0.8251
296,696.06,1,1.0481
297,618.11,1,0.3928
298,598.14,1,-0.4533
299,702.64,1,-0.4796
300,713.92,1,1.8011
301,478.95,0,-0.2471
302,519.61,1,-0.4068
303,713.16,1,0.6264
304,522.78,1,-0.6953
305,430.91,0,0.5322
306,478.87,0,-0.1939
307,539.57,0,-0.2088
308,319.48,0,-2.3594
309,364.93,0,-1.5439
310,562.85,0,0.6032
311,367.06,0,-1.445
312,514.68,1,-0.0501
313,504.56,0,-0.8336
314,265.15,0,-2.5412
315,530.73,1,-0.3629
316,406.48,0,-1.3411
317,717.23,1,1.8542
318,465.95,0,-1.0132
319,253.56,0,-2.6085
320,642.37,0,0.6645
321,563.92,0,0.5598
322,283.16,0,-1.3035
323,633.7,0,0.4694
324,642.44,1,0.2407
325,348.44,0,-1.0019
326,543.68,0,0.3138
327,480.25,1,-0.7307
328,408.68,0,-1.5351
329,538.53,0,1.0416
330,734.94,1,1.2959
331,382.77,0,-1.1801
332,885.1,1,2.2163
333,405.59,0,-0.5994
334,683.89,1,0.8282
335,425.4,0,-0.3993
336,468.3,0,-0.2716
337,500.4,0,-0.2697
338,535.04,0,1.0684
339,459.15,0,0.1411
340,476.03,1,-0.8637
341,698.77,1,0.4677
342,473.74,0,-0.4342
343,480.89,0,0.2906
344,466.38,0,0.0453
345,526.28,0,-0.2361
346,665.42,1,1.6744
347,428.21,0,-1.0744
348,587.83,1,-0.7787
349,788.67,1,2.2629
350,432.22,0,-1.6889
351,533.33,0,0.6639
352,657.65,1,1.6692
353,496.15,0,-0.0321
354,540.37,0,0.5703
355,723.36,1,1.3702
356,633.49,1,0.8451
357,597.55,0,0.7339
358,543.62,1,0.0236
359,630.09,1,0.1837
360,607.53,1,-0.4297
361,522.84,0,-0.5661
362,772.88,1,1.5965
363,416.36,0,-1.0021
364,719.99,1,2.0528
365,545.58,0,0.2438
366,435.26,0,-1.2201
367,506.73,0,-0.022
368,452.44,0,-0.1399
369,515.67,0,0.2084
370,578.9,0,0.0866
371,437.99,0,-1.9545
372,479.74,0,-0.6457
373,573.89,0,0.5995
374,468.45,0,-0.3895
375,498.32,0,-0.6603
376,437.27,0,0.1106
377,772.11,1,1.4811
378,438.96,0,-0.4815
379,403.11,0,-0.9231
380,568.61,0,-0.1205
381,685.76,1,1.2936
382,369.37,0,-1.8338
383,775.84,1,1.555
384,429.47,0,-0.119
385,753.69,1,1.4958
386,440.34,0,0.7466
387,568.01,0,0.5452
388,467.54,0,0.4705
389,601.44,1,0.252
390,604.81,1,0.023
391,328.71,0,-1.3669
392,464.74,0,-0.3887
393,502.92,1,-0.4278
394,567.82,1,-0.3554
395,662.88,1,1.2911
396,528.39,0,-0.5826
397,342.39,0,-2.0376
398,540.95,0,0.9058
399,292.79,0,-2.8478
400,355.86,0,-1.4891
401,676.64,1,0.4141
402,321.13,0,-1.9505
403,658.5,1,0.164
404,446.1,0,0.1907
405,378.13,0,-1.2958
406,489.69,0,-0.8371
407,524.11,0,0.0689
408,434.38,0,-0.3964
409,409.4,0,-1.0937
410,525.31,1,-0.7666
411,463.89,0,-1.0698
412,423.62,0,-1.3234
413,357.84,0,-1.6302
414,754.86,1,2.2167
415,467.98,0,-1.2331
416,599.41,1,0.5139
417,539.71,1,-0.1231
418,576.3,0,1.1323
419,544.05,0,0.5722
420,378.04,0,-1.4205
421,305.99,0,-2.5373
422,611.27,1,0.3988
423,620.5,1,0.1682
424,678.36,0,1.1781
425,494.82,0,0.0997
426,600.14,1,0.5747
427,327.39,0,-1.9361
428,479.36,0,0.3272
429,469.56,0,-0.546
430,528.5,0,-0.2884
431,457.39,0,-0.387
432,677.21,1,0.5632
433,488.43,0,-0.2801
434,399.23,0,-1.0201
435,529.12,0,0.6834
436,386.58,0,-1.0989
437,471.02,0,-0.4487
438,306.43,0,-2.1515
439,470.58,0,-0.8557
440,676.62,1,1.3599
441,435.67,0,-0.3505
442,333.19,0,-1.5046
443,543.47,1,0.5727
444,480.16,0,0.1848
445,628.16,1,0.7173
446,838.35,1,1.1424
447,649.22,1,0.9578
448,492.81,1,-0.2338
449,497.11,0,-0.2734
450,430.92,0,-1.3438
451,508.03,0,-0.5318
452,479.82,0,-0.7148
453,355.3,0,-1.2862
454,487.87,0,0.2013
455,212.95,0,-1.8811
456,433.05,0,-0.5838
457,818.58,1,2.5136
458,407.86,0,-1.201
459,468.8,0,0.4263
460,400.45,0,-0.82
461,486.66,0,-0.0237
462,435.57,0,-0.9276
463,392.56,0,0.0076
464,431.9,0,-0.2265
465,424.71,0,-0.1335
466,620.61,1,1.292
467,425.53,0,-1.128
468,474.25,0,-0.7434
469,624.83,1,0.1448
470,382.21,0,-1.6904
471,370.18,0,-0.7139
472,460.56,0,0.167
473,448.74,0,0.1786
474,449.43,0,-1.0801
475,273.05,0,-2.5521
476,649.38,1,0.1568
477,413.9,0,-1.3149
478,475.8,0,0.5634
479,693.38,1,1.3395
480,447.01,0,-1.0131
481,360.9,0,-1.9205
482,618.81,0,1.6083
483,307.88,0,-1.111
484,449.05,1,-0.6727
485,441.65,0,-1.2966
486,459.36,0,-0.2385
487,415.8,0,-1.0676
488,495.57,0,-0.1081
489,687.66,1,1.5695
490,691.7,1,0.4431
491,501.85,0,-0.1447
492,657.29,1,0.1739
493,475.17,1,-1.3054
494,505.59,1,-0.3679
495,443.94,0,-0.8369
496,686.8,1,1.3523
497,455.17,0,0.1784
498,321.18,0,-1.5944
499,661.47,1,0.2625
500,558.85,0,-0.5227
501,505.73,0,0.1837
502,512.46,0,-0.1641
503,352.38,0,-1.2369
504,678.44,1,1.4664
505,509.03,0,-0.205
506,465.78,1,-1.2455
507,676.26,1,1.4583
508,464.38,0,-0.2929
509,460.57,0,-0.6613
510,516.05,0,-0.5156
511,382.67,0,-1.529
512,677.72,1,0.8224
513,467.4,0,0.2715
514,443.37,0,-1.2208
515,611.57,1,0.5789
516,542.11,0,0.3
517,443.28,0,-0.3816
518,596.34,1,1.1107
519,488.67,0,-0.2553
520,532.71,0,0.259
521,624.43,1,0.5788
522,455.29,0,0.2588
523,614.12,1,0.7819
524,390.58,0,-1.6236
525,496.51,0,-0.2107
526,671.95,1,0.4813
527,518.37,0,0.2176
528,754.53,1,2.2087
529,505.35,0,-0.3157
530,675.77,1,0.3437
531,446.51,1,-1.9331
532,507.94,0,-1.3033
533,552.69,0,0.7601
534,700.0,1,1.0883
535,464.12,0,0.6546
536,516.93,0,-0.005
537,444.3,0,-0.1459
538,527.11,0,0.0954
539,719.16,1,1.4973
540,503.06,0,0.1793
541,741.25,1,2.4374
542,603.7,1,0.1545
543,577.83,1,0.698
544,501.26,1,-0.6172
545,685.28,1,0.8704
546,451.83,0,-0.3407
547,453.43,0,0.0166
548,569.11,0,1.2247
549,474.65,1,-0.7959
550,382.2,0,-1.1094
551,272.54,0,-2.4891
552,511.19,0,-0.2674
553,438.08,1,-1.412
554,701.8,1,0.8104
555,580.02,1,-0.4372
556,515.52,1,-0.8047
557,410.77,0,-1.8232
558,533.82,0,0.0228
559,584.5,0,0.3287
560,462.75,0,-0.5942
561,497.41,0,0.371
562,667.97,1,0.4492
563,555.08,0,0.0445
564,618.41,0,1.3806
565,522.21,0,-0.3843
566,761.23,1,0.3926
567,540.98,0,0.0707
568,482.09,0,0.733
569,455.75,0,-0.6172
570,574.58,0,1.3608
571,470.06,0,0.0552
572,555.21,0,0.7002
573,511.4,0,-0.3968
574,572.75,1,-0.4853
575,597.72,1,0.2623
576,532.91,1,-0.8158
577,748.3,1,1.3282
578,511.19,0,0.2987
579,483.75,1,-1.253
580,731.79,1,1.0442
581,590.37,1,-0.1718
582,498.66,0,-0.7037
583,401.0,0,-1.1892
584,732.44,1,1.1341
585,665.74,1,-0.2478
586,666.77,1,-0.09
587,574.69,0,0.7646
588,568.27,0,0.8175
589,304.69,0,-2.53
590,557.23,0,0.4169
591,453.17,0,-0.1585
592,443.04,0,-0.4446
593,814.79,1,1.6524
594,609.86,1,0.5181
595,672.99,1,1.1708
596,622.87,1,0.0369
597,296.5,0,-2.0753
598,620.07,1,0.7816
599,660.42,1,0.7296
600,554.0,1,0.037
601,640.85,1,-0.0045
602,412.36,0,-0.3862
603,480.15,1,-0.3257
604,379.89,0,-1.2233
605,549.86,0,0.0198
606,581.21,0,-0.2181
607,618.62,0,0.1478
608,519.92,0,-0.4418
609,569.88,0,0.8005
610,560.08,0,0.5548
611,595.12,0,0.2468
612,473.24,0,-0.4705
613,736.6,1,1.4653
614,655.9,1,0.7931
615,413.2,0,-0.5678
616,424.61,0,-0.8661
617,663.78,1,0.2806
618,653.38,0,0.8929
619,438.46,0,-1.8459
620,575.81,1,0.0851
621,515.1,0,0.1982
622,501.9,1,-0.4431
623,789.68,1,1.3974
624,551.38,0,0.6716
625,388.95,0,-0.8464
626,551.9,0,0.9737
627,612.59,1,1.1057
628,781.02,1,1.9743
629,392.88,0,-0.7716
630,448.11,0,-0.2027
631,549.0,0,0.5065
632,446.25,0,-1.0738
633,601.4,0,0.9019
634,503.8,0,-0.1399
635,579.42,0,0.6578
636,433.67,0,-0.2705
637,674.55,1,1.3881
638,460.62,0,-0.0041
639,670.26,1,0.9171
640,410.99,0,-1.265
641,382.97,0,-2.1145
642,662.98,1,0.5856
643,627.71,0,0.0417
644,597.61,1,-0.0887
645,435.74,0,-0.7366
646,621.76,1,0.4433
647,611.06,1,0.7385
648,488.12,0,0.1476
649,511.89,0,-0.6865
650,500.81,1,-0.5426
651,532.68,0,-0.2749
652,606.56,1,0.8145
653,567.73,0,0.2628
654,428.17,0,-0.0798
655,558.78,1,-0.2639
656,454.74,0,-0.1832
657,371.13,0,-0.4294
658,342.97,0,-0.8864
659,356.26,0,-1.9681
660,490.58,0,-0.0293
661,435.63,0,-0.1482
662,419.64,0,-0.6763
663,618.76,1,0.2377
664,416.98,0,-0.5358
665,604.91,1,0.1186
666,689.81,1,1.0819
667,687.85,1,0.5649
668,582.77,1,0.308
669,393.05,0,-1.3274
670,499.08,0,0.3367
671,484.41,0,0.334
672,672.4,1,0.8802
673,449.78,0,-0.5094
674,501.56,0,-1.0017
675,578.57,1,-0.4102
676,798.2,1,1.8183
677,540.49,0,-0.2328
678,555.11,0,0.1133
679,461.35,0,-0.5136
680,395.85,0,-0.2514
681,397.12,0,-1.1771
682,648.2,1,0.6908
683,527.18,0,0.5061
684,571.92,1,-0.3829
685,309.43,0,-2.1807
686,492.53,0,-0.0352
687,609.52,1,0.4446
688,483.14,0,-0.1238
689,641.9,1,0.5735
690,741.11,1,1.6916
691,566.05,0,0.4262
692,469.99,0,-0.2753
693,429.57,0,-0.8642
694,358.84,0,-2.0615
695,428.45,0,-0.7576
696,709.99,1,1.1282
697,480.94,0,0.0628
698,540.31,0,0.3533
699,491.56,0,-0.6166
700,596.72,1,-0.4114
701,471.36,0,-0.5541
702,734.47,1,1.1781
703,405.73,0,-2.271
704,473.12,1,-1.1093
705,672.68,0,1.4651
706,632.03,1,1.2769
707,536.22,0,-0.2606
708,452.22,0,-0.587
709,543.27,1,-0.4647
710,734.25,1,1.3174
711,664.31,0,1.5547
712,466.54,0,-0.9531
713,321.26,0,-1.7645
714,579.98,0,1.1201
715,435.87,0,-0.9993
716,654.08,1,0.6378
717,475.45,0,-0.1217
718,597.14,0,1.4735
719,289.39,0,-1.7931
720,488.73,0,0.1105
721,543.87,1,-1.5651
722,564.52,0,-0.0301
723,363.5,0,-0.8624
724,326.23,0,-0.6275
725,459.54,0,-0.7324
726,649.51,1,0.0231
727,436.33,0,-0.0062
728,324.2,0,-1.6711
729,439.28,0,0.1171
730,631.18,0,1.3592
731,372.93,0,-1.5187
732,507.49,0,-1.0597
733,413.41,0,-0.6509
734,409.45,0,-1.0114
735,599.31,1,-0.2428
736,471.45,0,-0.893
737,534.78,0,0.1726
738,604.32,1,-0.2719
739,659.05,1,0.5343
740,460.44,0,-0.4439
741,557.47,0,0.2385
742,343.03,0,-2.0716
743,636.52,1,0.2935
744,439.81,0,-0.8627
745,629.96,1,0.3305
746,482.07,0,0.9301
747,405.01,0,-0.0287
748,632.13,1,0.2909
749,528.22,0,0.3267
750,385.41,0,-1.0038
751,852.19,1,2.7315
752,656.41,1,0.7688
753,537.53,0,0.6411
754,491.43,0,-0.5825
755,547.31,0,-0.0136
756,425.84,0,-0.6511
757,518.07,0,1.2265
758,487.79,0,-0.8947
759,470.82,0,-0.5072
760,366.28,0,-1.3003
761,575.1,0,0.8131
762,710.67,1,1.1548
763,406.79,0,-0.8885
764,533.25,1,-0.256
765,426.02,0,0.042
766,403.47,0,-0.0334
767,392.89,0,-0.1655
768,429.24,0,-0.202
769,879.23,1,2.6327
770,743.82,1,1.2659
771,440.04,0,-1.6875
772,376.61,0,-1.5661
773,526.91,0,-0.4971
774,625.09,0,1.1652
775,443.42,1,-1.9969
776,498.31,0,0.323
777,550.04,0,0.5392
778,605.24,1,-0.0645
779,529.1,1,0.3406
780,462.26,0,-0.5482
781,484.85,1,-0.2808
782,587.74,0,0.5389
783,380.37,0,-0.4311
784,413.59,0,-1.0725
785,533.11,0,-0.2756
786,675.99,1,0.7867
787,623.18,1,-0.1977
788,552.36,0,0.4381
789,309.77,0,-2.1153
790,453.22,0,-0.6823
791,572.62,1,0.4643
792,453.1,0,-0.9747
793,369.62,0,-1.4436
794,370.29,0,-1.0591
795,671.29,1,1.3622
796,714.61,1,1.3597
797,440.87,0,-0.9083
798,420.79,0,-0.6463
799,749.08,1,1.4439
800,421.73,0,-0.2541
801,569.96,0,0.375
802,471.71,0,-0.8714
803,435.51,0,-0.1366
804,337.61,0,-1.8439
805,533.69,0,0.5176
806,768.63,1,1.3177
807,456.19,0,-1.03
808,605.16,1,-0.488
809,367.19,0,-1.8674
810,806.95,1,2.1543
811,286.03,0,-1.4957
812,466.56,0,-0.1492
813,596.3,0,0.0152
814,540.9,0,0.0199
815,411.42,0,-0.7608
816,416.18,0,-0.9649
817,446.67,1,-1.0298
818,521.49,0,-0.8806
819,452.8,0,-0.5765
820,537.76,0,-0.2063
821,377.09,0,-1.041
822,507.3,0,-0.7617
823,327.68,0,-2.3146
824,522.38,0,-0.4113
825,615.53,1,0.5667
826,410.69,0,-1.7177
827,463.74,0,-0.4677
828,462.99,0,-0.9783
829,483.36,0,-0.5794
830,388.72,0,-0.9778
831,560.77,1,-0.4925
832,445.99,0,0.4456
833,354.08,0,-0.0793
834,454.64,0,-0.3558
835,353.38,0,-1.9225
836,531.51,0,1.0997
837,608.4,1,0.3836
838,669.07,0,1.2286
839,743.11,1,0.7932
840,557.66,1,0.3353
841,663.25,1,0.7469
842,627.78,1,0.8055
843,501.56,1,-1.4528
844,419.77,0,-1.4034
845,712.24,1,1.7188
846,588.68,0,0.9616
847,797.13,1,1.5785
848,559.54,0,-0.334
849,612.1,1,0.8987
850,416.53,0,-0.9783
851,520.91,0,0.0026
852,459.03,0,-0.1788
853,449.94,0,-1.0096
854,608.83,0,-0.2154
855,421.41,0,-0.7832
856,764.29,1,1.8787
857,404.49,0,-0.6706
858,575.57,1,-0.408
859,504.37,0,-0.6847
860,713.94,1,1.0787
861,686.58,1,0.4925
862,469.36,0,-0.7338
863,448.79,0,-0.5267
864,517.78,1,-0.8635
865,542.27,1,-0.6021
866,584.27,0,0.3015
867,580.98,1,-0.3756
868,431.13,0,-0.7464
869,333.83,0,-1.1977
870,676.8,1,0.5558
871,472.93,0,0.4923
872,522.85,1,0.0199
873,563.88,0,-0.3209
874,465.94,0,-0.2979
875,730.82,1,0.8252
876,558.92,1,0.4955
877,478.9,1,-0.4769
878,489.91,0,0.1025
879,634.68,1,0.2537
880,719.26,1,1.0055
881,334.26,0,-1.1864
882,517.99,1,-0.6112
883,521.13,0,-0.0508
884,524.4,1,0.3565
885,552.28,0,0.1861
886,649.82,1,1.5218
887,769.43,1,2.5495
888,434.99,0,-1.0777
889,528.44,0,1.4102
890,627.19,1,0.3317
891,274.32,0,-2.0171
892,478.68,0,0.0561
893,389.1,0,-0.7901
894,458.3,0,-0.5204
895,405.6,0,-1.4073
896,322.08,0,-0.9866
897,525.73,0,0.2526
898,571.1,0,0.6328
899,602.46,0,0.1869
900,673.51,1,0.9087
901,513.68,0,0.1039
902,520.36,1,-0.87
903,741.96,1,0.7424
904,576.77,0,-0.0198
905,537.57,0,-0.1293
906,501.9,0,-0.033
907,484.94,0,0.3207
908,266.04,0,-1.3366
909,348.39,0,-1.1833
910,398.41,0,-0.7222
911,324.79,0,-1.4438
912,656.27,1,-0.2737
913,815.53,1,1.9609
914,734.18,1,1.5285
915,589.19,1,0.2753
916,517.16,1,-0.3552
917,466.36,0,-1.2311
918,661.2,1,0.5545
919,664.9,1,1.2489
920,819.06,1,2.6564
921,456.22,0,-0.2894
922,481.17,0,0.3252
923,450.01,0,-0.0093
924,544.21,1,-0.5895
925,464.44,0,-0.589
926,412.61,0,-0.8114
927,344.9,0,-1.7056
928,495.03,0,-0.4763
929,556.88,1,0.0616
930,588.94,1,0.439
931,574.91,1,-0.3259
932,508.27,1,-0.971
933,761.97,1,1.6851
934,380.15,0,-1.5203
935,559.39,0,1.1422
936,683.67,1,0.533
937,506.88,0,0.142
938,370.23,0,-1.1199
939,451.49,0,-0.3554
940,505.93,0,1.2265
941,374.97,0,-1.0692
942,540.9,0,-0.1075
943,540.94,0,0.1405
944,460.99,0,-0.0139
945,322.8,0,-2.6043
946,472.95,0,-0.1917
947,701.71,1,0.1587
948,570.89,0,-0.0023
949,712.7,1,0.6208
950,403.2,0,-1.2113
951,604.78,0,1.3748
952,512.23,0,0.4062
953,670.21,1,1.2681
954,345.69,0,-1.576
955,328.25,0,-1.6098
956,506.87,1,-0.0639
957,595.61,1,-0.4478
958,458.24,0,-1.0929
959,510.34,1,-0.5572
960,850.36,1,2.1142
961,480.18,0,-0.3308
962,536.9,0,0.2544
963,469.42,0,-0.4603
964,458.84,0,0.4769
965,422.11,0,-1.7039
966,769.93,1,2.0422
967,566.0,0,-0.0864
968,444.63,0,-0.7778
969,495.67,0,-0.1764
970,498.46,0,0.1811
971,520.92,0,0.3652
972,723.66,1,2.2399
973,323.31,0,-1.698
974,495.8,0,0.7904
975,419.51,0,-1.397
976,696.47,0,2.7694
977,482.65,0,-0.7105
978,510.49,0,0.3591
979,451.79,0,-0.6106
980,363.1,0,-1.2435
981,383.67,0,-0.6274
982,534.02,0,0.3324
983,666.18,1,1.3849
984,550.06,0,-0.0581
985,502.23,0,-0.3731
986,463.48,0,-0.3049
987,468.97,0,0.26
988,433.93,0,-0.7241
989,605.79,1,0.834
990,373.71,0,-1.2721
991,715.65,1,1.4916
992,573.32,0,-0.001
993,595.85,1,0.696
994,538.41,0,0.5956
995,609.3,1,0.0523
996,587.57,1,-0.1831
997,622.66,1,0.3833
998,360.3,0,-0.901
999,628.84,1,0.539
1000,513.91,0,0.4888
1001,403.89,0,0.0994
1002,752.18,1,1.2721
1003,459.98,0,-1.1839
1004,600.66,1,0.1437
1005,727.06,1,1.6203
1006,659.86,0,1.5446
1007,483.2,0,0.6779
1008,634.3,0,0.4188
1009,511.31,0,-0.0962
1010,419.65,0,-0.1171
1011,360.33,0,-1.3383
1012,441.04,0,0.2909
1013,512.98,0,0.0338
1014,432.54,0,-0.592
1015,475.86,0,-1.4198
1016,450.93,0,-0.9814
1017,775.03,1,1.8043
1018,315.86,0,-0.6438
1019,417.1,0,-0.85
1020,529.68,0,-0.1642
1021,548.63,0,0.2278
1022,617.99,0,0.576
1023,412.09,0,-0.8659
1024,641.52,1,1.174
1025,585.83,1,0.2959
1026,441.46,0,-0.4177
1027,617.67,1,0.248
1028,636.8,1,0.6336
1029,490.24,0,-0.3643
1030,546.98,1,0.2337
1031,429.79,0,-1.1526
1032,623.24,1,1.1288
1033,502.63,0,-0.2007
1034,580.78,1,0.2132
1035,359.84,0,-0.7519
1036,411.34,0,-0.7281
1037,520.72,0,-0.1562
1038,447.74,0,-0.299
1039,378.27,0,-1.1065
1040,498.28,0,0.0135
1041,527.25,0,0.0841
1042,513.9,0,-0.2229
1043,855.18,1,1.8243
1044,548.52,1,0.0157
1045,605.24,1,0.1553
1046,575.22,0,0.8588
1047,408.74,0,-0.9814
1048,419.82,1,-0.7965
1049,744.45,1,1.1543
1050,517.08,0,0.1927
1051,710.72,1,2.1631
1052,568.64,0,0.3836
1053,543.76,1,-0.4311
1054,589.86,0,0.3586
1055,493.6,0,0.632
1056,682.42,1,0.4305
1057,477.24,0,-0.7717
1058,605.6,0,0.9545
1059,684.22,1,1.2636
1060,537.63,0,0.5558
1061,501.86,0,-0.2577
1062,547.48,0,0.3878
1063,566.71,1,0.4245
1064,557.56,0,0.1654
1065,363.17,0,-0.7956
1066,528.27,0,0.0592
1067,554.95,0,0.438
1068,444.3,0,-0.3977
1069,372.08,0,-0.7041
1070,486.35,0,-0.04
1071,555.63,1,-0.6478
1072,790.97,1,1.0147
1073,555.79,0,0.4201
1074,480.54,0,-0.4779
1075,691.81,1,0.3203
1076,320.9,0,-1.0916
1077,638.25,1,0.7585
1078,504.95,0,-0.5825
1079,649.37,0,1.6162
1080,397.33,0,-0.0829
1081,601.83,1,0.0028
1082,514.5,0,-0.4827
1083,544.88,0,1.1778
1084,674.99,1,1.3561
1085,592.01,0,-0.0875
1086,408.73,0,-1.5823
1087,659.24,1,0.5735
1088,526.07,0,0.7438
1089,477.67,0,-0.1306
1090,422.76,0,-0.9527
1091,508.64,0,0.3607
1092,550.62,0,-0.0061
1093,444.05,0,-2.0287
1094,532.06,0,-0.4417
1095,398.25,0,-0.9353
1096,598.98,0,0.8727
1097,365.19,0,-1.4713
1098,440.45,0,0.3962
1099,410.04,0,-1.0315
1100,486.47,1,-0.5625
1101,697.7,1,0.5861
1102,470.24,0,-0.9508
1103,355.2,0,-1.7112
1104,619.38,1,0.146
1105,368.69,0,-1.2818
1106,659.52,1,-0.3076
1107,492.93,0,-0.1264
1108,733.98,1,0.9559
1109,715.22,1,0.7675
1110,512.32,1,-1.6765
1111,552.66,1,0.6371
1112,523.21,1,0.4551
1113,374.07,0,-1.9109
1114,442.92,0,-0.3456
1115,578.87,0,0.1564
1116,656.71,1,0.6944
1117,433.27,0,-0.2414
1118,476.39,1,-0.4403
1119,445.93,0,-0.3135
1120,435.61,0,-0.5568
1121,721.63,1,1.1876
1122,464.16,0,-0.5903
1123,378.82,0,-1.0579
1124,426.39,0,0.0292
1125,654.63,1,1.0629
1126,449.68,0,-0.1653
1127,697.63,1,0.2834
1128,512.43,0,-0.2937
1129,372.78,0,-0.7236
1130,423.52,0,0.0197
1131,675.66,1,1.438
1132,363.68,0,-1.0966
1133,524.96,0,0.0129
1134,447.77,0,0.5299
1135,539.91,0,-0.1149
1136,426.04,0,-1.003
1137,375.89,0,0.2134
1138,644.27,1,0.121
1139,545.72,1,-0.4914
1140,731.05,1,0.9041
1141,425.57,0,0.1512
1142,425.37,0,-0.4843
1143,317.11,0,-1.5502
1144,541.55,0,0.1466
1145,591.19,0,0.7116
1146,600.58,1,0.4167
1147,541.25,0,0.3257
1148,428.57,0,-0.5945
1149,723.38,1,1.7711
1150,675.52,1,0.5664
1151,458.45,0,-1.6532
1152,594.31,1,-0.1119
1153,449.17,0,-0.9162
1154,518.2,0,-0.3084
1155,570.35,1,-0.1397
1156,711.22,1,2.0602
1157,468.04,0,-0.7226
1158,426.34,0,-1.3944
1159,366.9,0,-1.1029
1160,402.0,0,-1.2626
1161,461.55,0,-1.2412
1162,565.83,1,-0.1795
1163,538.31,0,-0.1008
1164,352.32,0,-0.7831
1165,450.25,0,-1.3712
1166,541.11,0,0.6104
1167,449.53,0,-0.2824
1168,734.56,1,0.7697
1169,636.48,1,0.4837
1170,502.88,0,-0.2472
1171,835.6,1,1.5549
1172,495.11,0,-0.1842
1173,659.37,1,0.3444
1174,558.78,0,0.0442
1175,462.24,0,-0.8085
1176,466.8,0,-1.0304
1177,431.69,0,-1.6692
1178,454.78,0,-0.3963
1179,705.41,1,1.2388
1180,372.01,0,-2.2596
1181,361.67,0,-1.8992
1182,629.69,1,-0.3152
1183,468.84,0,-0.6184
1184,553.18,0,0.7644
1185,357.4,0,-1.4768
1186,715.28,1,1.3766
1187,379.63,0,-1.3134
1188,545.78,1,-1.3408
1189,500.33,0,-0.1243
1190,570.35,1,-0.1902
1191,415.09,0,-0.9886
1192,630.42,1,0.5215
1193,586.37,1,-0.0384
1194,477.11,0,0.1665
1195,533.54,0,1.2053
1196,381.69,0,-1.1569
1197,423.54,0,-1.426
1198,415.36,0,-0.6038
1199,392.46,0,-1.3407
1200,585.94,1,-0.7071
1201,471.28,0,-1.1654
1202,496.99,0,0.1373
1203,653.06,1,0.6062
1204,386.51,0,-1.2525
1205,550.48,0,0.49
1206,609.65,1,0.8277
1207,484.26,0,-0.2979
1208,708.36,1,1.108
1209,438.28,0,-0.8219
1210,573.69,0,0.8699
1211,325.21,0,-1.4903
1212,399.22,0,-0.9482
1213,576.75,0,0.5109
1214,385.66,0,-1.7346
1215,278.74,0,-2.6826
1216,420.83,0,-0.7489
1217,473.7,0,-0.3294
1218,782.08,1,1.2241
1219,508.55,0,-1.0111
1220,615.37,1,0.1949
1221,343.71,0,-0.6768
1222,637.77,1,0.4565
1223,632.48,1,-0.0881
1224,559.26,1,0.8314
1225,323.95,0,-1.162
1226,382.61,0,-0.8017
1227,546.2,0,-0.4233
1228,780.73,1,1.3151
1229,681.32,1,1.4399
1230,630.03,1,0.1134
1231,510.72,1,-0.9476
1232,543.38,0,-0.0711
1233,605.92,1,-0.0404
1234,436.74,0,-0.0349
1235,491.73,0,-0.7892
1236,393.65,0,-2.1152
1237,457.89,0,0.0282
1238,481.49,0,-0.6736
1239,499.92,0,-0.9853
1240,628.8,0,0.929
1241,433.5,0,-1.0898
1242,678.05,1,0.616
1243,331.39,0,-0.9052
1244,415.14,0,-0.333
1245,454.26,0,-0.7443
1246,385.17,0,-0.9849
1247,563.79,0,0.2475
1248,596.19,0,0.6164
1249,634.94,1,1.4335
1250,437.05,0,-0.4198
1251,504.05,0,0.9955
1252,382.22,0,-0.9636
1253,656.84,1,-0.5427
1254,407.68,0,-1.2807
1255,580.16,0,0.216
1256,553.59,0,-0.2419
1257,447.35,0,-0.576
1258,681.6,1,1.1372
1259,483.5,0,-0.5407
1260,560.79,0,0.6525
1261,666.65,1,0.4661
1262,727.59,1,0.6465
1263,504.55,0,-0.2059
1264,663.67,1,0.9423
1265,520.1,0,-0.4956
1266,406.95,0,-1.254
1267,396.61,0,-1.1558
1268,432.23,0,-0.87
1269,820.68,1,2.6041
1270,500.58,0,-0.0252
1271,611.5,1,-0.8064
1272,582.66,0,0.807
1273,358.19,0,-0.8362
1274,493.19,1,-1.047
1275,768.76,1,2.4248
1276,351.0,0,-1.58
1277,377.9,0,-1.2212
1278,488.33,0,0.677
1279,510.38,0,-0.1084
1280,437.4,0,-1.5504
1281,494.12,0,0.8209
1282,559.97,1,-1.1267
1283,661.63,1,0.5044
1284,490.5,0,0.0938
1285,703.37,1,0.597
1286,677.98,1,0.8421
1287,515.2,0,-0.4579
1288,373.66,0,-1.8942
1289,496.6,0,0.2456
1290,787.85,1,2.2206
1291,470.16,0,0.1597
1292,701.14,1,0.6712
1293,602.3,1,0.459
1294,293.53,0,-2.1508
1295,376.71,0,-1.0372
1296,442.33,0,-0.8592
1297,557.58,1,0.3138
1298,512.18,0,-0.3121
1299,657.52,1,1.0148
1300,667.72,1,-0.2205
1301,556.34,1,-0.7531
1302,707.99,1,2.2137
1303,559.8,1,-0.1957
1304,757.31,1,1.486
1305,509.2,0,0.7082
1306,403.43,0,-1.0554
1307,436.54,0,-0.3118
1308,446.81,0,-0.6933
1309,574.67,0,-0.3172
1310,333.53,0,-1.7366
1311,546.43,0,0.4973
1312,562.41,1,0.3944
1313,416.86,0,-0.7026
1314,657.55,1,0.5185
1315,449.24,0,-1.1772
1316,339.11,0,-0.6559
1317,509.86,0,-1.0345
1318,685.63,1,0.2598
1319,670.53,1,0.2693
1320,468.78,0,0.0947
1321,504.98,0,0.0117
1322,412.42,0,-1.1493
1323,476.0,0,-0.3015
1324,383.06,0,-1.1449
1325,547.87,1,-0.5182
1326,746.15,1,1.5344
1327,644.97,1,0.2785
1328,491.38,0,0.1831
1329,499.34,0,-0.161
1330,696.23,1,0.8724
1331,673.23,1,0.64
1332,461.55,0,0.1121
1333,407.15,0,-1.0536
1334,352.4,0,-1.0927
1335,560.02,0,0.0817
1336,526.87,1,0.351
1337,441.95,0,-0.6046
1338,619.94,1,-0.0688
1339,335.24,0,-1.3589
1340,425.02,0,-0.2251
1341,646.33,1,0.073
1342,540.29,0,0.0562
1343,614.86,0,0.5053
1344,328.71,0,-2.2511
1345,630.27,1,0.9523
1346,385.91,0,-0.7593
1347,509.82,0,-0.2649
1348,558.65,1,-0.4491
1349,559.77,0,-0.1669
1350,666.55,1,0.4228
1351,435.41,0,-1.0827
1352,436.7,0,-0.6572
1353,563.18,0,0.2106
1354,196.74,0,-2.9853
1355,433.59,0,-0.5984
1356,512.71,0,0.2175
1357,693.25,1,0.3288
1358,745.82,1,1.8771
1359,529.21,1,-0.9059
1360,514.67,0,-0.668
1361,609.12,1,0.7515
1362,531.37,0,0.3331
1363,600.55,1,0.2694
1364,633.28,1,0.564
1365,470.2,0,-0.1097
1366,698.28,1,0.7451
1367,619.88,0,0.1255
1368,438.05,0,-0.16
1369,806.48,1,1.5242
1370,602.63,1,-0.2119
1371,319.43,0,-1.1584
1372,402.25,0,-0.9156
1373,638.1,1,1.0256
1374,700.76,1,1.9329
1375,730.89,1,1.0483
1376,443.28,0,-1.7751
1377,444.45,0,-0.205
1378,775.54,1,1.633
1379,337.41,0,-1.9617
1380,655.13,0,1.2997
1381,342.77,0,-1.2857
1382,573.89,1,-0.2938
1383,610.95,1,0.1279
1384,692.85,1,0.512
1385,368.12,0,-1.1075
1386,659.44,1,-0.1951
1387,572.75,1,-0.0368
1388,354.81,0,-2.0363
1389,452.27,0,-0.3492
1390,438.14,0,-0.5273
1391,442.66,0,-0.8636
1392,402.21,0,-0.4839
1393,475.59,0,-0.374
1394,520.7,0,0.3529
1395,531.25,1,-0.7276
1396,449.69,0,-0.969
1397,498.29,0,-0.8637
1398,550.93,0,0.4218
1399,529.75,1,0.4049
1400,409.56,0,-0.7268
1401,346.28,0,-1.3665
1402,662.3,1,0.4196
1403,584.78,0,0.6783
1404,583.26,1,0.0366
1405,421.26,0,-0.8827
1406,703.04,1,0.265
1407,509.24,1,-0.831
1408,395.33,0,-1.5652
1409,417.24,0,0.2347
1410,536.31,0,-0.2045
1411,368.32,0,-0.6248
1412,270.32,0,-2.8129
1413,336.86,0,-2.4417
1414,582.43,0,0.6279
1415,670.55,1,0.7426
1416,330.96,0,-1.329
1417,541.87,1,0.165
1418,664.79,1,1.5392
1419,520.15,0,0.0157
1420,744.21,1,1.064
1421,395.9,0,-0.9682
1422,478.93,0,0.2744
1423,694.15,1,0.712
1424,482.6,0,-0.3691
1425,693.05,1,0.8006
1426,496.14,0,-0.4125
1427,380.61,0,-1.4113
1428,588.47,1,0.2794
1429,481.92,0,-0.0322
1430,639.81,1,0.2497
1431,510.34,0,-0.287
1432,631.84,1,-0.0689
1433,663.75,1,0.4279
1434,610.38,1,0.4549
1435,490.88,0,0.1038
1436,395.49,0,-1.6412
1437,505.43,1,-0.9109
1438,539.92,0,1.041
1439,550.14,0,-0.3049
1440,458.75,0,-0.0563
1441,423.29,0,-0.7707
1442,539.11,1,-0.9386
1443,569.06,0,0.7237
1444,771.6,1,1.231
1445,702.1,1,1.0779
1446,369.88,0,-1.606
1447,679.92,0,1.6249
1448,553.48,1,-0.416
1449,521.41,0,0.8447
1450,600.02,0,1.3304
1451,520.89,0,1.0978
1452,356.17,0,-1.9896
1453,371.1,0,-0.8099
1454,430.42,0,-0.2759
1455,526.11,0,-0.3831
1456,397.8,0,-1.0321
1457,394.67,0,-1.3581
1458,612.16,1,0.1072
1459,411.26,0,-1.7544
1460,578.32,1,0.8137
1461,544.87,1,-0.5291
1462,395.96,0,-0.9224
1463,412.9,0,-0.7955
1464,411.62,0,-1.1171
1465,551.6,1,-0.7847
1466,555.07,0,0.9893
1467,630.63,0,1.6436
1468,745.44,1,1.1791
1469,523.79,0,0.5471
1470,428.04,0,-0.3313
1471,496.85,0,-0.6745
1472,887.67,1,2.1122
1473,393.38,0,-1.1821
1474,622.14,1,0.3447
1475,578.1,0,0.3681
1476,480.58,0,-0.7108
1477,567.39,0,0.9342
1478,574.24,1,0.3399
1479,900.98,1,2.7551
1480,463.0,0,-0.1214
1481,713.76,1,1.4055
1482,609.89,1,0.2373
1483,537.56,0,0.5843
1484,789.04,1,2.4264
1485,388.57,0,-1.0508
1486,439.36,0,-0.2903
1487,699.22,1,1.5893
1488,598.42,1,-0.3414
1489,636.53,0,1.1958
1490,704.01,1,0.7734
1491,432.89,0,-1.2849
1492,711.51,1,1.6102
1493,607.78,0,0.6154
1494,713.67,1,0.0586
1495,407.92,0,-1.0498
1496,347.12,0,-1.1134
1497,353.1,0,-2.0143
1498,588.72,1,0.4398
1499,499.74,0,0.7051
1500,487.73,1,-0.874
1501,607.64,0,1.2976
1502,612.2,0,0.3563
1503,460.63,0,-0.2775
1504,683.93,1,0.5985
1505,535.19,1,-0.0195
1506,474.65,0,-0.1688
1507,434.56,0,-1.3269
1508,709.06,1,1.3765
1509,665.51,0,1.7013
1510,650.5,1,0.3837
1511,345.05,0,-1.0084
1512,643.1,1,1.1576
1513,540.45,1,0.1954
1514,468.33,0,-0.8445
1515,577.15,1,0.3301
1516,444.08,0,0.4967
1517,539.3,0,0.1459
1518,489.03,1,-0.5347
1519,587.46,0,1.3482
1520,515.16,0,-0.9107
1521,561.68,0,0.0875
1522,483.34,0,-0.1049
1523,828.75,1,1.6328
1524,625.03,1,1.1551
1525,710.45,1,2.4347
1526,499.99,0,-0.2959
1527,683.9,1,0.8524
1528,360.56,0,-1.8911
1529,719.03,1,1.269
1530,692.02,1,1.5071
1531,527.69,1,-0.8054
1532,525.61,0,-0.4067
1533,798.67,1,1.7377
1534,490.98,0,-0.1755
1535,616.37,1,-0.1828
1536,797.59,1,1.3418
1537,335.95,0,-1.0367
1538,517.78,0,0.4662
1539,788.88,1,1.211
1540,689.98,1,0.8636
1541,656.85,1,1.151
1542,814.72,1,2.5068
1543,442.55,0,-0.7314
1544,346.89,0,-1.7453
1545,636.07,1,0.1352
1546,380.53,0,-0.8888
1547,522.19,1,-0.0864
1548,421.3,0,-1.2762
1549,400.12,0,-0.3306
1550,775.59,1,1.5199
1551,523.92,0,-0.2473
1552,713.08,1,0.7287
1553,456.52,0,-0.4244
1554,382.34,0,-0.7859
1555,559.76,0,0.3883
1556,374.74,0,-2.1997
1557,593.02,1,0.4898
1558,528.92,0,0.8125
1559,418.37,0,-1.6183
1560,469.26,0,-0.488
1561,499.11,0,-0.8889
1562,332.44,0,-1.5515
1563,764.01,1,1.5664
1564,644.21,1,0.6176
1565,537.48,1,0.1547
1566,461.08,0,-1.3081
1567,477.19,1,-0.3625
1568,361.35,0,-1.3587
1569,396.73,0,-0.3902
1570,390.41,0,-0.325
1571,400.8,0,-1.2832
1572,661.23,1,0.3037
1573,631.8,1,0.7579
1574,489.71,0,-0.4892
1575,429.32,0,-1.2277
1576,524.38,0,-0.6198
1577,397.47,0,-0.0168
1578,772.98,1,1.9727
1579,650.69,0,0.7181
1580,580.96,1,-0.6809
1581,486.28,0,0.3575
1582,545.46,0,0.1319
1583,417.23,0,-0.7355
1584,458.53,0,-0.6137
1585,623.13,1,0.5711
1586,672.57,1,0.2473
1587,698.47,1,1.4368
1588,733.95,1,1.1895
1589,420.47,0,-1.2086
1590,379.93,0,-0.7926
1591,679.41,1,0.7372
1592,403.27,0,-0.3443
1593,707.46,1,-0.062
1594,443.31,0,-0.7419
1595,548.38,0,-0.4271
1596,631.75,1,0.8263
1597,522.39,0,0.2599
1598,712.64,1,0.6501
1599,691.46,1,0.9671
1600,378.25,0,-1.3227
1601,523.07,0,0.2355
1602,628.85,1,0.1988
1603,480.81,0,0.5494
1604,498.82,0,1.0262
1605,455.38,0,-0.026
1606,348.18,0,-1.1306
1607,613.01,0,0.8777
1608,395.67,0,-1.5043
1609,461.74,0,-0.7577
1610,416.35,0,-1.5366
1611,693.3,1,1.3918
1612,405.18,0,-2.4825
1613,640.78,1,0.6439
1614,475.64,0,-0.7902
1615,517.81,0,0.173
1616,425.67,0,-1.0523
1617,555.87,0,0.3621
1618,416.6,0,-1.2917
1619,506.44,0,-0.3881
1620,516.29,0,-0.1431
1621,718.44,1,1.351
1622,604.68,1,1.1897
1623,827.62,1,1.8475
1624,347.49,0,-1.2433
1625,427.33,0,-0.7181
1626,438.06,0,-0.4316
1627,512.91,0,0.0756
1628,531.13,0,0.2331
1629,540.18,0,0.5823
1630,645.3,1,0.4701
1631,580.31,1,-0.0894
1632,685.38,1,0.9622
1633,503.13,0,-0.7936
1634,466.68,0,-0.3961
1635,644.91,1,0.6148
1636,711.61,1,0.634
1637,761.32,1,1.0204
1638,664.97,1,0.9322
1639,652.84,1,0.0643
1640,721.53,1,0.2665
1641,395.66,0,-0.7312
1642,546.26,1,0.1017
1643,719.16,1,1.5499
1644,571.63,0,0.6971
1645,425.75,0,-0.6976
1646,481.89,1,-0.7121
1647,736.61,1,0.9502
1648,624.66,1,0.7792
1649,509.79,0,-0.9774
1650,620.4,0,0.3287
1651,563.81,1,-0.4047
1652,361.16,0,-1.4907
1653,629.56,1,0.4104
1654,635.58,0,1.563
1655,590.17,1,1.4661
1656,496.84,0,0.4341
1657,566.29,0,0.5954
1658,509.69,0,-1.1917
1659,470.33,0,0.4106
1660,363.59,0,-1.2635
1661,402.89,0,-0.4774
1662,583.71,0,0.3742
1663,419.19,0,-0.4301
1664,707.3,1,0.4415
1665,405.2,0,-0.794
1666,437.95,0,0.3691
1667,688.64,1,2.154
1668,684.07,0,1.3405
1669,543.14,0,1.8307
1670,699.36,1,1.5808
1671,545.06,0,0.881
1672,505.3,0,-0.3175
1673,741.95,1,1.0701
1674,454.57,0,-0.4961
1675,303.41,0,-1.7392
1676,480.04,0,-0.7716
1677,490.62,0,-0.4371
1678,589.08,0,0.4814
1679,520.18,0,0.4547
1680,737.81,1,2.1107
1681,611.45,0,0.3287
1682,391.54,0,-1.7675
1683,437.12,0,-0.9109
1684,848.92,1,2.1821
1685,697.17,1,0.7907
1686,599.94,1,-0.1024
1687,699.37,1,1.5203
1688,648.05,0,1.6945
1689,678.86,1,0.4376
1690,372.65,0,-1.6935
1691,485.89,0,-0.3795
1692,617.5,1,-0.712
1693,649.81,1,-0.3235
1694,391.06,0,-1.4048
1695,652.92,1,0.9156
1696,543.36,1,-0.5053
1697,470.68,1,-1.1842
1698,706.48,1,1.5003
1699,370.94,0,-0.151
1700,567.18,0,0.193
1701,455.53,0,-0.4627
1702,631.31,1,-0.3187
1703,388.37,0,-2.1401
1704,471.66,0,0.2107
1705,560.98,1,0.2188
1706,537.98,0,0.0955
1707,727.91,1,0.7194
1708,286.23,0,-2.0345
1709,553.0,1,-0.4741
1710,483.21,0,1.0138
1711,488.79,0,0.0878
1712,438.55,0,-1.0213
1713,422.03,0,0.1711
1714,409.85,0,-1.7748
1715,513.28,0,-1.3729
1716,320.63,0,-1.3331
1717,618.22,1,0.874
1718,422.69,0,0.7489
1719,500.18,1,-0.4753
1720,565.24,0,0.0236
1721,569.81,1,0.1466
1722,394.74,0,-0.1972
1723,747.71,1,1.4024
1724,495.94,0,0.1734
1725,677.68,1,-0.4916
1726,469.02,0,-0.7733
1727,340.74,0,-1.2783
1728,634.08,1,0.03
1729,561.64,1,-0.1286
1730,521.97,0,-0.6105
1731,455.54,0,-0.3509
1732,378.58,0,-1.2134
1733,593.27,1,0.2209
1734,642.03,1,0.7447
1735,797.79,1,2.2567
1736,523.39,0,-0.6562
1737,721.04,1,1.9127
1738,467.02,0,-0.5407
1739,387.96,0,-1.6701
1740,268.38,0,-2.6082
1741,326.98,0,-2.2392
1742,426.72,0,-0.0593
1743,634.43,1,0.6131
1744,616.97,1,0.5904
1745,761.47,1,2.0291
1746,936.25,1,3.9164
1747,461.97,0,0.4731
1748,457.11,0,0.1319
1749,449.67,0,-1.0682
1750,509.39,0,-0.5651
1751,713.15,1,1.6416
1752,616.37,1,0.8145
1753,608.01,1,0.628
1754,621.67,0,1.2164
1755,549.38,0,-0.0962
1756,578.45,1,-0.0337
1757,549.03,1,0.2863
1758,706.87,1,1.1302
1759,695.2,1,1.5292
1760,345.86,0,-2.0585
1761,693.22,1,1.2268
1762,426.0,0,-0.81
1763,628.12,0,1.6152
1764,674.56,1,0.6306
1765,482.62,1,-0.5803
1766,567.4,1,-0.3418
1767,486.13,0,-0.6471
1768,570.44,0,0.878
1769,412.5,0,-1.0915
1770,478.56,0,0.4142
1771,381.66,0,-1.1102
1772,370.16,0,-1.7282
1773,554.23,1,0.0529
1774,558.59,0,0.8272
1775,496.47,0,0.5693
1776,676.04,1,0.9968
1777,420.31,0,-0.9726
1778,670.19,1,0.4853
1779,363.41,0,-0.7513
1780,476.58,0,-0.6834
1781,510.89,0,1.3113
1782,441.53,0,-1.0847
1783,470.92,0,-1.0957
1784,699.97,1,0.9669
1785,438.75,0,-0.9026
1786,675.79,1,0.4393
1787,727.34,1,2.1861
1788,452.38,0,-0.588
1789,404.52,0,0.082
1790,581.21,0,-0.0243
1791,458.79,0,0.118
1792,504.07,0,-0.4922
1793,463.68,0,-0.0716
1794,684.44,0,2.1202
1795,709.18,1,1.0393
1796,476.88,0,-0.0589
1797,306.52,0,-2.1559
1798,548.09,1,-0.4002
1799,472.52,0,-0.0718
1800,401.67,0,-1.1479
1801,612.01,1,0.2914
1802,433.52,0,-1.4881
1803,664.17,0,1.4702
1804,449.28,0,-0.8091
1805,521.6,0,0.0549
1806,502.08,0,0.6174
1807,436.43,0,-0.5271
1808,498.42,0,-0.5909
1809,443.5,0,-0.614
1810,512.17,0,-0.3296
1811,282.21,0,-1.7612
1812,494.66,1,0.4671
1813,658.39,1,0.6494
1814,540.16,0,-0.3121
1815,775.5,1,1.5743
1816,685.29,1,2.3568
1817,510.69,0,-1.1733
1818,431.62,1,-2.0193
1819,399.46,0,-1.007
1820,503.59,0,-0.0219
1821,523.54,1,0.11
1822,407.33,0,-1.0138
1823,740.72,1,1.6144
1824,516.59,0,-0.8758
1825,557.36,0,0.7587
1826,540.64,0,-0.6266
1827,663.96,1,0.7475
1828,626.26,1,0.1747
1829,567.13,0,0.3052
1830,740.02,1,1.8793
1831,545.57,1,0.4539
1832,440.25,1,-0.8762
1833,565.17,0,0.4745
1834,340.76,0,-1.1246
1835,298.92,0,-2.2303
1836,479.09,0,-0.5209
1837,419.31,1,-1.8383
1838,567.55,1,1.0157
1839,710.48,1,0.2335
1840,372.94,0,-1.3418
1841,662.02,1,0.6902
1842,551.03,0,0.7756
1843,270.01,0,-2.4281
1844,320.85,0,-1.2434
1845,638.97,1,0.987
1846,309.34,0,-2.1322
1847,447.13,0,0.0011
1848,695.89,1,0.2042
1849,555.9,0,0.9643
1850,527.28,0,-0.4789
1851,765.43,1,0.9793
1852,690.38,0,1.6408
1853,588.61,1,0.9206
1854,646.26,1,0.9594
1855,422.67,0,0.0712
1856,524.75,0,-0.3239
1857,669.82,1,0.0902
1858,453.57,0,-1.529
1859,446.1,0,-0.0996
1860,657.64,1,0.3564
1861,598.36,0,0.5861
1862,556.89,0,-0.6462
1863,544.33,0,0.0173
1864,314.12,0,-1.6298
1865,727.39,1,1.5446
1866,473.87,0,-0.1351
1867,407.48,0,-1.7075
1868,551.39,1,-0.3121
1869,482.36,0,-0.1321
1870,505.22,0,-0.6211
1871,628.52,1,0.0486
1872,434.96,0,-0.5655
1873,413.28,0,-0.9989
1874,500.05,0,0.8813
1875,683.52,1,0.9951
1876,383.39,0,-0.6558
1877,357.0,0,-1.7166
1878,535.1,0,0.0248
1879,258.99,0,-2.1745
1880,430.04,0,-0.9208
1881,440.11,0,-1.1819
1882,504.16,0,-0.0389
1883,386.29,0,-1.9917
1884,721.01,1,1.2767
1885,657.02,1,-0.0796
1886,563.31,1,0.2381
1887,545.08,1,0.0467
1888,409.2,0,-0.6578
1889,283.62,0,-1.0218
1890,654.67,1,0.1955
1891,651.61,1,1.1
1892,526.13,0,0.6699
1893,398.37,0,-0.8265
1894,486.58,1,-0.8048
1895,306.6,0,-1.1117
1896,633.69,0,2.0477
1897,533.03,1,-1.0812
1898,645.89,1,0.5936
1899,331.34,0,-1.8601
1900,641.34,0,1.2484
1901,704.82,1,0.9773
1902,506.15,0,-0.7952
1903,613.55,1,-0.3062
1904,547.56,1,0.0317
1905,821.34,1,2.4668
1906,608.97,1,0.4444
1907,564.55,0,1.7202
1908,396.28,0,-1.0352
1909,549.0,0,0.9712
1910,541.39,0,0.1917
1911,689.83,1,1.5114
1912,567.06,1,-0.0603
1913,729.74,1,1.1281
1914,488.54,0,0.2061
1915,664.3,1,0.44
1916,521.91,1,-0.6525
1917,481.97,0,-0.0502
1918,749.63,1,1.6558
1919,398.53,0,-1.5845
1920,548.87,0,-0.5188
1921,583.08,1,0.2566
1922,403.6,0,-1.4756
1923,512.08,0,0.8085
1924,359.71,0,-1.2241
1925,635.11,1,1.3328
1926,501.54,0,0.6085
1927,456.67,0,-0.458
1928,541.25,0,-0.2749
1929,833.59,1,0.9387
1930,535.41,0,0.0131
1931,532.79,0,-0.1292
1932,769.51,1,2.3504
1933,404.15,0,-0.851
1934,700.61,1,1.4848
1935,675.4,1,1.6546
1936,751.01,1,1.5435
1937,723.63,1,1.019
1938,412.91,0,-1.4276
1939,421.2,0,0.155
1940,539.83,1,-0.2408
1941,281.84,0,-2.161
1942,530.46,0,0.099
1943,221.11,0,-2.2064
1944,560.72,1,-0.5851
1945,601.15,1,-0.0457
1946,511.52,1,-0.738
1947,508.28,0,0.7426
1948,731.76,1,1.9846
1949,653.7,1,0.2021
1950,789.83,1,2.3522
1951,553.2,0,0.0135
1952,447.36,0,-0.0378
1953,419.83,0,-0.6123
1954,356.14,0,-1.4582
1955,474.34,0,-0.2429
1956,662.36,1,0.4091
1957,471.25,0,-0.4156
1958,436.11,0,-0.0049
1959,613.75,0,0.5405
1960,448.79,0,-0.1777
1961,604.59,1,0.502
1962,423.97,0,-0.9952
1963,480.18,0,0.3131
1964,555.63,1,0.0295
1965,544.55,0,0.8772
1966,476.45,0,-0.1546
1967,518.59,1,0.3272
1968,334.55,0,-2.2522
1969,640.09,1,0.1442
1970,628.81,1,0.5683
1971,607.72,0,0.5342
1972,601.91,0,-0.0634
1973,522.99,0,0.4066
1974,822.06,1,2.1105
1975,445.0,0,0.0659
1976,366.39,0,-1.1579
1977,698.3,1,1.2718
1978,544.46,1,0.6292
1979,641.08,1,-0.1561
1980,478.87,0,0.23
1981,480.35,0,-0.6018
1982,394.4,0,-1.7881
1983,806.92,1,1.7103
1984,784.36,1,-0.3656
1985,882.24,1,2.954
1986,480.05,0,-0.0745
1987,664.05,1,0.9058
1988,515.15,0,-0.0739
1989,637.73,1,1.0117
1990,607.22,1,-0.9361
1991,483.21,0,0.1744
1992,553.74,0,0.0432
1993,475.94,0,-0.2417
1994,473.38,0,-0.5628
1995,564.38,0,0.3375
1996,523.46,0,-0.1436
1997,581.29,1,0.2583
1998,621.2,1,0.1139
1999,370.0,0,-1.2906
2000,608.41,0,1.1323
